u,v,codigo,sentido,rodovia,situacao,pavimentada,extensao_km,tmd_der,v_limite,v_livre_tomtom,tomtom_compartilhado,faixas_estimadas,capacidade_estimada,tem_contagem,vol_7h,vc_7h,vol_18h,vc_18h,K_observado,t_livre_s
0,1,001EDF0010,crescente,DF-001,PAV,True,2.8,6587.0,60.0,56.0,True,1,1400,False,,,,,,179.99999999999997
1,0,001EDF0010,decrescente,DF-001,PAV,True,2.8,6587.0,60.0,56.0,True,1,1400,False,,,,,,179.99999999999997
1,2,001EDF0012,crescente,DF-001,PAV,True,3.3,6587.0,60.0,56.0,True,1,1400,False,,,,,,212.14285714285714
2,1,001EDF0012,decrescente,DF-001,PAV,True,3.3,6587.0,60.0,56.0,True,1,1400,False,,,,,,212.14285714285714
2,3,001EDF0020,crescente,DF-001,PAV,True,2.8,6420.0,60.0,55.0,True,1,1400,False,,,,,,183.27272727272725
3,2,001EDF0020,decrescente,DF-001,PAV,True,2.8,6420.0,60.0,55.0,True,1,1400,False,,,,,,183.27272727272725
3,4,001EDF0030,crescente,DF-001,PAV,True,3.7,7610.0,60.0,55.0,True,1,1400,False,,,,,,242.1818181818182
4,3,001EDF0030,decrescente,DF-001,PAV,True,3.7,7610.0,60.0,55.0,True,1,1400,False,,,,,,242.1818181818182
4,5,001EDF0050,crescente,DF-001,PAV,True,2.0,18134.0,60.0,55.0,True,1,1400,False,,,,,,130.9090909090909
5,4,001EDF0050,decrescente,DF-001,PAV,True,2.0,18134.0,60.0,55.0,True,1,1400,False,,,,,,130.9090909090909
5,6,001EDF0052,crescente,DF-001,PAV,True,2.4,18134.0,60.0,55.0,True,1,1400,False,,,,,,157.09090909090907
6,5,001EDF0052,decrescente,DF-001,PAV,True,2.4,18134.0,60.0,55.0,True,1,1400,False,,,,,,157.09090909090907
6,7,001EDF0070,crescente,DF-001,PAV,True,0.9,24816.0,60.0,55.0,True,1,1400,True,1178.0,0.8414285714285714,882.0,0.63,,58.909090909090914
7,6,001EDF0070,decrescente,DF-001,PAV,True,0.9,24816.0,60.0,55.0,True,1,1400,False,,,,,,58.909090909090914
7,8,001EDF0090,crescente,DF-001,PAV,True,1.9,27102.0,60.0,55.0,True,1,1400,False,,,,,,124.36363636363636
8,7,001EDF0090,decrescente,DF-001,PAV,True,1.9,27102.0,60.0,55.0,True,1,1400,True,742.0,0.53,1342.0,0.9585714285714285,,124.36363636363636
8,9,001EDF0110,crescente,DF-001,DUP,True,5.6,11582.0,60.0,55.0,True,2,3600,True,234.0,0.065,523.0,0.14527777777777778,,366.5454545454545
9,8,001EDF0110,decrescente,DF-001,DUP,True,5.6,11582.0,60.0,55.0,True,2,3600,False,,,,,,366.5454545454545
9,10,001EDF0116,crescente,DF-001,DUP,True,1.8,28673.0,60.0,71.0,True,2,3600,True,2391.5,0.6643055555555556,5500.0,1.5277777777777777,,91.26760563380282
10,9,001EDF0116,decrescente,DF-001,DUP,True,1.8,28673.0,60.0,71.0,True,2,3600,True,2885.0,0.8013888888888889,1758.0,0.48833333333333334,,91.26760563380282
10,11,001EDF0130,crescente,DF-001,DUP,True,2.4,31692.0,60.0,71.0,True,2,3600,True,1031.5,0.28652777777777777,2630.5,0.7306944444444444,,121.69014084507042
11,10,001EDF0130,decrescente,DF-001,DUP,True,2.4,31692.0,60.0,71.0,True,2,3600,True,2259.0,0.6275,1451.0,0.40305555555555556,,121.69014084507042
11,12,001EDF0150,crescente,DF-001,DUP,True,1.6,21700.0,60.0,29.0,False,2,3600,False,,,,,,198.62068965517244
12,11,001EDF0150,decrescente,DF-001,DUP,True,1.6,21700.0,60.0,29.0,False,2,3600,False,,,,,,198.62068965517244
12,13,001EDF0170,crescente,DF-001,DUP,True,3.5,16797.0,60.0,87.0,True,2,3600,False,,,,,,144.82758620689654
13,12,001EDF0170,decrescente,DF-001,DUP,True,3.5,16797.0,60.0,87.0,True,2,3600,False,,,,,,144.82758620689654
13,14,001EDF0190,crescente,DF-001,PAV,True,3.6,4781.0,60.0,87.0,True,1,1400,False,,,,,,148.9655172413793
14,13,001EDF0190,decrescente,DF-001,PAV,True,3.6,4781.0,60.0,87.0,True,1,1400,False,,,,,,148.9655172413793
15,16,001EDF0250,crescente,DF-001,DUP,True,3.8,21912.0,60.0,63.0,False,2,3600,True,1282.5,0.35625,1173.0,0.3258333333333333,,217.1428571428571
16,15,001EDF0250,decrescente,DF-001,DUP,True,3.8,21912.0,60.0,63.0,False,2,3600,True,2529.5,0.7026388888888889,2146.5,0.59625,,217.1428571428571
16,17,001EDF0270,crescente,DF-001,DUP,True,3.0,57820.0,60.0,57.0,True,2,3600,True,463.0,0.12861111111111112,1507.5,0.41875,,189.4736842105263
17,16,001EDF0270,decrescente,DF-001,DUP,True,3.0,57820.0,60.0,57.0,True,2,3600,False,,,,,,189.4736842105263
17,18,001EDF0290,crescente,DF-001,DUP,True,1.9,31360.0,60.0,57.0,True,2,3600,False,,,,,,120.0
18,17,001EDF0290,decrescente,DF-001,DUP,True,1.9,31360.0,60.0,57.0,True,2,3600,False,,,,,,120.0
18,19,001EDF0310,crescente,DF-001,DUP,True,3.4,50998.0,60.0,57.0,True,2,3600,True,1661.0,0.4613888888888889,1837.0,0.5102777777777778,,214.73684210526315
19,18,001EDF0310,decrescente,DF-001,DUP,True,3.4,50998.0,60.0,57.0,True,2,3600,True,3810.0,1.0583333333333333,3474.0,0.965,,214.73684210526315
19,20,001EDF0330,crescente,DF-001,DUP,True,2.2,91288.0,60.0,47.0,False,2,3600,True,3485.0,0.9680555555555556,3164.0,0.8788888888888889,,168.51063829787236
20,19,001EDF0330,decrescente,DF-001,DUP,True,2.2,91288.0,60.0,47.0,False,2,3600,False,,,,,,168.51063829787236
20,21,001EDF0350,crescente,DF-001,DUP,True,1.0,39620.0,60.0,68.0,False,2,3600,True,1738.0,0.48277777777777775,1795.0,0.4986111111111111,,52.94117647058823
21,20,001EDF0350,decrescente,DF-001,DUP,True,1.0,39620.0,60.0,68.0,False,2,3600,False,,,,,,52.94117647058823
22,23,001EDF0410,crescente,DF-001,DUP,True,4.5,53922.0,60.0,52.0,True,2,3600,True,4662.0,1.295,4250.0,1.1805555555555556,,311.53846153846155
23,22,001EDF0410,decrescente,DF-001,DUP,True,4.5,53922.0,60.0,52.0,True,2,3600,True,3678.0,1.0216666666666667,4177.0,1.1602777777777777,,311.53846153846155
23,24,001EDF0430,crescente,DF-001,DUP,True,4.4,21847.0,60.0,73.0,False,2,3600,False,,,,,,216.986301369863
24,23,001EDF0430,decrescente,DF-001,DUP,True,4.4,21847.0,60.0,73.0,False,2,3600,False,,,,,,216.986301369863
24,25,001EDF0450,crescente,DF-001,DUP,True,3.9,21847.0,60.0,60.0,False,2,3600,False,,,,,,234.0
25,24,001EDF0450,decrescente,DF-001,DUP,True,3.9,21847.0,60.0,60.0,False,2,3600,True,1112.5,0.3090277777777778,374.0,0.10388888888888889,,234.0
25,26,001EDF0470,crescente,DF-001,PAV,True,4.5,5231.0,60.0,63.0,True,1,1400,False,,,,,,257.1428571428571
26,25,001EDF0470,decrescente,DF-001,PAV,True,4.5,5231.0,60.0,63.0,True,1,1400,False,,,,,,257.1428571428571
26,27,001EDF0490,crescente,DF-001,PAV,True,2.2,6420.0,60.0,62.0,True,1,1400,False,,,,,,127.74193548387098
27,26,001EDF0490,decrescente,DF-001,PAV,True,2.2,6420.0,60.0,62.0,True,1,1400,False,,,,,,127.74193548387098
27,28,001EDF0510,crescente,DF-001,PAV,True,3.7,881.0,60.0,63.0,True,1,1400,False,,,,,,211.42857142857142
28,27,001EDF0510,decrescente,DF-001,PAV,True,3.7,881.0,60.0,63.0,True,1,1400,False,,,,,,211.42857142857142
28,29,001EDF0550,crescente,DF-001,PAV,True,3.0,881.0,60.0,63.0,True,1,1400,False,,,,,,171.42857142857142
29,28,001EDF0550,decrescente,DF-001,PAV,True,3.0,881.0,60.0,63.0,True,1,1400,False,,,,,,171.42857142857142
29,30,001EDF0570,crescente,DF-001,IMP,False,7.1,625.0,60.0,62.0,True,1,600,False,,,,,,412.258064516129
30,29,001EDF0570,decrescente,DF-001,IMP,False,7.1,625.0,60.0,62.0,True,1,600,False,,,,,,412.258064516129
30,0,001EDF0590,crescente,DF-001,PAV,True,21.3,3892.0,60.0,69.0,False,1,1400,True,399.0,0.285,218.0,0.15571428571428572,,1111.304347826087
0,30,001EDF0590,decrescente,DF-001,PAV,True,21.3,3892.0,60.0,69.0,False,1,1400,True,122.5,0.0875,207.5,0.14821428571428572,,1111.304347826087
31,32,002EDF0010,crescente,DF-002,DUP,True,7.2,54848.0,60.0,73.0,False,2,3600,True,7566.0,2.1016666666666666,7195.0,1.9986111111111111,,355.0684931506849
32,31,002EDF0010,decrescente,DF-002,DUP,True,7.2,54848.0,60.0,73.0,False,2,3600,True,2981.0,0.8280555555555555,4657.0,1.293611111111111,,355.0684931506849
32,33,002EDF0030,crescente,DF-002,DUP,True,6.6,70133.0,60.0,76.0,False,2,3600,True,5135.0,1.426388888888889,5997.0,1.6658333333333333,,312.6315789473684
33,32,002EDF0030,decrescente,DF-002,DUP,True,6.6,70133.0,60.0,76.0,False,2,3600,True,11281.0,3.133611111111111,7171.0,1.9919444444444445,,312.6315789473684
0,34,003EDF0010,crescente,DF-003,DUP,True,5.2,87537.0,80.0,76.0,False,2,3600,True,10083.0,2.8008333333333333,4360.0,1.211111111111111,,246.31578947368422
34,0,003EDF0010,decrescente,DF-003,DUP,True,5.2,87537.0,80.0,76.0,False,2,3600,True,2347.0,0.6519444444444444,3017.0,0.8380555555555556,,246.31578947368422
34,35,003EDF0030,crescente,DF-003,DUP,True,1.5,95084.0,80.0,78.0,False,2,3600,False,,,,,,69.23076923076924
35,34,003EDF0030,decrescente,DF-003,DUP,True,1.5,95084.0,80.0,78.0,False,2,3600,False,,,,,,69.23076923076924
35,36,003EDF0050,crescente,DF-003,DUP,True,1.9,29808.0,80.0,76.0,False,2,3600,True,2455.0,0.6819444444444445,1303.5,0.3620833333333333,,89.99999999999999
36,35,003EDF0050,decrescente,DF-003,DUP,True,1.9,29808.0,80.0,76.0,False,2,3600,True,1051.0,0.29194444444444445,1808.0,0.5022222222222222,,89.99999999999999
36,37,003EDF0070,crescente,DF-003,DUP,True,2.3,46880.0,80.0,75.0,False,2,3600,False,,,,,,110.39999999999999
37,36,003EDF0070,decrescente,DF-003,DUP,True,2.3,46880.0,80.0,75.0,False,2,3600,True,2387.0,0.6630555555555555,1934.0,0.5372222222222223,,110.39999999999999
37,38,003EDF0090,crescente,DF-003,DUP,True,2.4,126438.0,80.0,78.0,False,2,3600,False,,,,,,110.76923076923076
38,37,003EDF0090,decrescente,DF-003,DUP,True,2.4,126438.0,80.0,78.0,False,2,3600,False,,,,,,110.76923076923076
38,39,003EDF0110,crescente,DF-003,DUP,True,1.1,62259.0,80.0,60.0,False,2,3600,True,2484.0,0.69,2450.0,0.6805555555555556,,66.0
39,38,003EDF0110,decrescente,DF-003,DUP,True,1.1,62259.0,80.0,60.0,False,2,3600,True,512.0,0.14222222222222222,2020.0,0.5611111111111111,,66.0
39,40,003EDF0130,crescente,DF-003,DUP,True,2.8,87587.0,80.0,62.0,True,2,3600,False,,,,,,162.5806451612903
40,39,003EDF0130,decrescente,DF-003,DUP,True,2.8,87587.0,80.0,62.0,True,2,3600,False,,,,,,162.5806451612903
40,41,003EDF0150,crescente,DF-003,DUP,True,2.0,87587.0,80.0,68.0,False,2,3600,False,,,,,,105.88235294117646
41,40,003EDF0150,decrescente,DF-003,DUP,True,2.0,87587.0,80.0,68.0,False,2,3600,False,,,,,,105.88235294117646
41,42,003EDF0152,crescente,DF-003,DUP,True,1.5,91748.0,80.0,69.0,False,2,3600,False,,,,,,78.26086956521739
42,41,003EDF0152,decrescente,DF-003,DUP,True,1.5,91748.0,80.0,69.0,False,2,3600,False,,,,,,78.26086956521739
42,43,003EDF0170,crescente,DF-003,DUP,True,2.4,117911.0,80.0,72.0,False,2,3600,True,2444.0,0.6788888888888889,2519.0,0.6997222222222222,,120.0
43,42,003EDF0170,decrescente,DF-003,DUP,True,2.4,117911.0,80.0,72.0,False,2,3600,True,7099.0,1.9719444444444445,4451.5,1.2365277777777777,,120.0
43,44,003EDF0190,crescente,DF-003,DUP,True,1.4,52431.0,80.0,75.0,False,2,3600,True,2720.0,0.7555555555555555,3025.0,0.8402777777777778,,67.19999999999999
44,43,003EDF0190,decrescente,DF-003,DUP,True,1.4,52431.0,80.0,75.0,False,2,3600,True,2003.0,0.5563888888888889,1671.0,0.46416666666666667,,67.19999999999999
44,45,003EDF0210,crescente,DF-003,DUP,True,0.4,101187.0,80.0,78.0,False,2,3600,False,,,,,,18.46153846153846
45,44,003EDF0210,decrescente,DF-003,DUP,True,0.4,101187.0,80.0,78.0,False,2,3600,False,,,,,,18.46153846153846
45,46,003EDF0230,crescente,DF-003,DUP,True,8.7,71269.0,80.0,83.0,False,2,3600,True,6051.0,1.6808333333333334,5602.0,1.556111111111111,,377.3493975903614
46,45,003EDF0230,decrescente,DF-003,DUP,True,8.7,71269.0,80.0,83.0,False,2,3600,True,10421.0,2.894722222222222,8483.0,2.356388888888889,,377.3493975903614
46,15,003EDF0250,crescente,DF-003,DUP,True,3.3,45318.0,80.0,80.0,False,2,3600,False,,,,,,148.49999999999997
15,46,003EDF0250,decrescente,DF-003,DUP,True,3.3,45318.0,80.0,80.0,False,2,3600,True,2461.0,0.6836111111111111,1394.0,0.38722222222222225,,148.49999999999997
31,47,004EDF0010,crescente,DF-004,DUP,True,0.9,25189.0,80.0,65.0,False,2,3600,True,3873.0,1.0758333333333334,2274.0,0.6316666666666667,,49.84615384615385
47,31,004EDF0010,decrescente,DF-004,DUP,True,0.9,25189.0,80.0,65.0,False,2,3600,True,1233.5,0.3426388888888889,2919.5,0.8109722222222222,,49.84615384615385
47,48,004EDF0030,crescente,DF-004,DUP,True,3.6,22148.0,80.0,24.0,False,2,3600,False,,,,,,540.0
48,47,004EDF0030,decrescente,DF-004,DUP,True,3.6,22148.0,80.0,24.0,False,2,3600,False,,,,,,540.0
48,49,004EDF0050,crescente,DF-004,DUP,True,1.9,42172.0,80.0,67.0,True,2,3600,False,,,,,,102.08955223880596
49,48,004EDF0050,decrescente,DF-004,DUP,True,1.9,42172.0,80.0,67.0,True,2,3600,False,,,,,,102.08955223880596
49,50,004EDF0070,crescente,DF-004,DUP,True,1.9,14973.0,80.0,67.0,True,2,3600,False,,,,,,102.08955223880596
50,49,004EDF0070,decrescente,DF-004,DUP,True,1.9,14973.0,80.0,67.0,True,2,3600,True,1942.0,0.5394444444444444,2307.0,0.6408333333333334,,102.08955223880596
50,51,004EDF0090,crescente,DF-004,DUP,True,1.5,37652.0,80.0,67.0,True,2,3600,False,,,,,,80.59701492537313
51,50,004EDF0090,decrescente,DF-004,DUP,True,1.5,37652.0,80.0,67.0,True,2,3600,True,4449.5,1.2359722222222222,5939.0,1.6497222222222223,,80.59701492537313
51,52,004EDF0110,crescente,DF-004,DUP,True,0.4,53241.0,80.0,67.0,True,2,3600,False,,,,,,21.492537313432837
52,51,004EDF0110,decrescente,DF-004,DUP,True,0.4,53241.0,80.0,67.0,True,2,3600,False,,,,,,21.492537313432837
52,53,004EDF0130,crescente,DF-004,DUP,True,3.1,59796.0,80.0,26.0,False,2,3600,True,2503.0,0.6952777777777778,3336.0,0.9266666666666666,,429.2307692307692
53,52,004EDF0130,decrescente,DF-004,DUP,True,3.1,59796.0,80.0,26.0,False,2,3600,True,2805.0,0.7791666666666667,4087.0,1.1352777777777778,,429.2307692307692
53,54,004EDF0150,crescente,DF-004,DUP,True,2.8,49574.0,80.0,38.0,False,2,3600,True,1553.5,0.4315277777777778,1976.0,0.5488888888888889,,265.2631578947368
54,53,004EDF0150,decrescente,DF-004,DUP,True,2.8,49574.0,80.0,38.0,False,2,3600,True,4701.0,1.3058333333333334,5258.5,1.4606944444444445,,265.2631578947368
54,55,004EDF0170,crescente,DF-004,DUP,True,3.7,44047.0,80.0,67.0,True,2,3600,True,1885.0,0.5236111111111111,2067.0,0.5741666666666667,,198.80597014925374
55,54,004EDF0170,decrescente,DF-004,DUP,True,3.7,44047.0,80.0,67.0,True,2,3600,True,2444.5,0.6790277777777778,2139.5,0.5943055555555555,,198.80597014925374
56,57,005EDF0010,crescente,DF-005,DUP,True,0.8,25239.0,60.0,28.0,False,2,3600,False,,,,,,102.85714285714286
57,56,005EDF0010,decrescente,DF-005,DUP,True,0.8,25239.0,60.0,28.0,False,2,3600,False,,,,,,102.85714285714286
57,58,005EDF0012,crescente,DF-005,DUP,True,2.2,33930.0,60.0,64.0,True,2,3600,True,636.5,0.17680555555555555,1833.5,0.5093055555555556,,123.75000000000001
58,57,005EDF0012,decrescente,DF-005,DUP,True,2.2,33930.0,60.0,64.0,True,2,3600,True,4494.5,1.2484722222222222,3543.0,0.9841666666666666,,123.75000000000001
58,59,005EDF0014,crescente,DF-005,DUP,True,7.4,23078.0,60.0,64.0,True,2,3600,True,541.5,0.15041666666666667,1483.5,0.41208333333333336,,416.25
59,58,005EDF0014,decrescente,DF-005,DUP,True,7.4,23078.0,60.0,64.0,True,2,3600,True,3911.5,1.0865277777777778,1394.5,0.3873611111111111,,416.25
59,6,005EDF0030,crescente,DF-005,PAV,True,7.6,3271.0,60.0,64.0,True,1,1400,False,,,,,,427.5
6,59,005EDF0030,decrescente,DF-005,PAV,True,7.6,3271.0,60.0,64.0,True,1,1400,False,,,,,,427.5
60,57,006EDF0010,crescente,DF-006,DUP,True,2.1,15230.0,60.0,57.0,False,2,3600,True,338.0,0.09388888888888888,851.5,0.23652777777777778,,132.63157894736844
57,60,006EDF0010,decrescente,DF-006,DUP,True,2.1,15230.0,60.0,57.0,False,2,3600,False,,,,,,132.63157894736844
34,60,007EDF0010,crescente,DF-007,DUP,True,0.8,53566.0,60.0,71.0,False,2,3600,True,2407.0,0.6686111111111112,1016.0,0.2822222222222222,,40.563380281690144
60,34,007EDF0010,decrescente,DF-007,DUP,True,0.8,53566.0,60.0,71.0,False,2,3600,True,1378.0,0.3827777777777778,4644.0,1.29,,40.563380281690144
60,61,007EDF0012,crescente,DF-007,DUP,True,0.5,69778.0,60.0,80.0,True,2,3600,False,,,,,,22.5
61,60,007EDF0012,decrescente,DF-007,DUP,True,0.5,69778.0,60.0,80.0,True,2,3600,False,,,,,,22.5
61,31,007EDF0030,crescente,DF-007,DUP,True,0.8,17052.0,60.0,80.0,True,2,3600,True,2152.0,0.5977777777777777,913.0,0.2536111111111111,,36.0
31,61,007EDF0030,decrescente,DF-007,DUP,True,0.8,17052.0,60.0,80.0,True,2,3600,False,,,,,,36.0
35,61,009EDF0010,crescente,DF-009,PAV,True,1.2,15972.0,60.0,57.0,False,1,1400,False,,,,,,75.78947368421052
61,35,009EDF0010,decrescente,DF-009,PAV,True,1.2,15972.0,60.0,57.0,False,1,1400,False,,,,,,75.78947368421052
61,56,009EDF0030,crescente,DF-009,DUP,True,1.4,41134.0,60.0,60.0,False,2,3600,False,,,,,,83.99999999999999
56,61,009EDF0030,decrescente,DF-009,DUP,True,1.4,41134.0,60.0,60.0,False,2,3600,True,2017.0,0.5602777777777778,1749.0,0.48583333333333334,,83.99999999999999
56,62,009EDF0050,crescente,DF-009,DUP,True,8.1,18115.0,60.0,64.0,True,2,3600,True,452.0,0.12555555555555556,463.0,0.12861111111111112,,455.625
62,56,009EDF0050,decrescente,DF-009,DUP,True,8.1,18115.0,60.0,64.0,True,2,3600,True,3011.0,0.8363888888888888,2030.0,0.5638888888888889,,455.625
63,64,010EDF0010,crescente,DF-010,DUP,True,1.5,21476.0,70.0,52.0,False,2,3600,True,1092.0,0.30333333333333334,899.0,0.24972222222222223,,103.84615384615385
64,63,010EDF0010,decrescente,DF-010,DUP,True,1.5,21476.0,70.0,52.0,False,2,3600,False,,,,,,103.84615384615385
64,65,010EDF0030,crescente,DF-010,DUP,True,1.9,24574.0,70.0,51.0,True,2,3600,False,,,,,,134.11764705882354
65,64,010EDF0030,decrescente,DF-010,DUP,True,1.9,24574.0,70.0,51.0,True,2,3600,True,2361.5,0.6559722222222222,1139.5,0.3165277777777778,,134.11764705882354
65,37,010EDF0050,crescente,DF-010,DUP,True,0.7,35123.0,70.0,51.0,True,2,3600,False,,,,,,49.411764705882355
37,65,010EDF0050,decrescente,DF-010,DUP,True,0.7,35123.0,70.0,51.0,True,2,3600,False,,,,,,49.411764705882355
37,66,010EDF0070,crescente,DF-010,PAV,True,2.7,10564.0,70.0,75.0,False,1,1400,False,,,,,,129.60000000000002
66,37,010EDF0070,decrescente,DF-010,PAV,True,2.7,10564.0,70.0,75.0,False,1,1400,False,,,,,,129.60000000000002
66,67,010EDF0090,crescente,DF-010,DUP,True,1.0,6132.0,70.0,74.0,False,2,3600,False,,,,,,48.64864864864865
67,66,010EDF0090,decrescente,DF-010,DUP,True,1.0,6132.0,70.0,74.0,False,2,3600,False,,,,,,48.64864864864865
67,68,010EDF0110,crescente,DF-010,PAV,True,1.0,6132.0,70.0,62.0,True,1,1400,False,,,,,,58.064516129032256
68,67,010EDF0110,decrescente,DF-010,PAV,True,1.0,6132.0,70.0,62.0,True,1,1400,False,,,,,,58.064516129032256
68,69,010EDF0130,crescente,DF-010,EOD,True,2.57,412.0,70.0,80.0,True,1,1400,False,,,,,,115.65
69,68,010EDF0130,decrescente,DF-010,EOD,True,2.57,412.0,70.0,80.0,True,1,1400,False,,,,,,115.65
40,70,011EDF0010,crescente,DF-011,DUP,True,1.4,57182.0,,65.0,True,2,3600,False,,,,,,77.53846153846153
70,40,011EDF0010,decrescente,DF-011,DUP,True,1.4,57182.0,,65.0,True,2,3600,True,1976.0,0.5488888888888889,2906.5,0.8073611111111111,,77.53846153846153
70,71,011EDF0030,crescente,DF-011,DUP,True,1.2,42172.0,,65.0,True,2,3600,False,,,,,,66.46153846153845
71,70,011EDF0030,decrescente,DF-011,DUP,True,1.2,42172.0,,65.0,True,2,3600,False,,,,,,66.46153846153845
71,72,011EDF0050,crescente,DF-011,DUP,True,3.3,29049.0,,65.0,True,2,3600,False,,,,,,182.76923076923077
72,71,011EDF0050,decrescente,DF-011,DUP,True,3.3,29049.0,,65.0,True,2,3600,False,,,,,,182.76923076923077
59,4,015EDF0010,crescente,DF-015,PAV,True,3.9,11470.0,60.0,60.0,True,1,1400,True,658.0,0.47,1796.0,1.282857142857143,,234.0
4,59,015EDF0010,decrescente,DF-015,PAV,True,3.9,11470.0,60.0,60.0,True,1,1400,True,808.5,0.5775,413.0,0.295,,234.0
44,73,025EDF0010,crescente,DF-025,DUP,True,3.0,49416.0,70.0,54.0,True,2,3600,True,2557.0,0.7102777777777778,1631.5,0.45319444444444446,,200.0
73,44,025EDF0010,decrescente,DF-025,DUP,True,3.0,49416.0,70.0,54.0,True,2,3600,True,1739.5,0.4831944444444444,2892.5,0.8034722222222223,,200.0
73,74,025EDF0030,crescente,DF-025,DUP,True,4.8,19269.0,70.0,54.0,True,2,3600,True,2104.0,0.5844444444444444,738.0,0.205,,320.0
74,73,025EDF0030,decrescente,DF-025,DUP,True,4.8,19269.0,70.0,54.0,True,2,3600,True,869.5,0.24152777777777779,1718.5,0.4773611111111111,,320.0
74,75,025EDF0050,crescente,DF-025,DUP,True,3.2,14381.0,70.0,61.0,True,2,3600,True,593.0,0.16472222222222221,631.0,0.17527777777777778,,188.85245901639345
75,74,025EDF0050,decrescente,DF-025,DUP,True,3.2,14381.0,70.0,61.0,True,2,3600,True,735.0,0.20416666666666666,851.0,0.2363888888888889,,188.85245901639345
75,76,025EDF0070,crescente,DF-025,DUP,True,7.2,34012.0,70.0,61.0,True,2,3600,True,2736.0,0.76,3703.0,1.0286111111111111,,424.91803278688525
76,75,025EDF0070,decrescente,DF-025,DUP,True,7.2,34012.0,70.0,61.0,True,2,3600,True,3209.5,0.8915277777777778,2163.0,0.6008333333333333,,424.91803278688525
76,77,025EDF0090,crescente,DF-025,DUP,True,3.1,18898.0,70.0,61.0,True,2,3600,False,,,,,,182.95081967213113
77,76,025EDF0090,decrescente,DF-025,DUP,True,3.1,18898.0,70.0,61.0,True,2,3600,True,1832.0,0.5088888888888888,1023.0,0.2841666666666667,,182.95081967213113
77,8,025EDF0100,crescente,DF-025,DUP,True,4.6,17040.0,70.0,61.0,True,2,3600,True,693.0,0.1925,1649.0,0.45805555555555555,,271.4754098360655
8,77,025EDF0100,decrescente,DF-025,DUP,True,4.6,17040.0,70.0,61.0,True,2,3600,True,4014.0,1.115,1938.0,0.5383333333333333,,271.4754098360655
77,9,027EDF0010,crescente,DF-027,DUP,True,1.8,38934.0,80.0,69.0,False,2,3600,False,,,,,,93.91304347826087
9,77,027EDF0010,decrescente,DF-027,DUP,True,1.8,38934.0,80.0,69.0,False,2,3600,True,2754.0,0.765,1577.0,0.43805555555555553,,93.91304347826087
76,10,035EDF0010,crescente,DF-035,DUP,True,4.2,19283.0,70.0,64.0,False,2,3600,True,1025.0,0.2847222222222222,1268.0,0.3522222222222222,,236.25
10,76,035EDF0010,decrescente,DF-035,DUP,True,4.2,19283.0,70.0,64.0,False,2,3600,True,8969.5,2.491527777777778,2494.5,0.6929166666666666,,236.25
78,73,047EDF0010,crescente,DF-047,DUP,True,0.8,57345.0,80.0,74.0,True,2,3600,False,,,,,,38.91891891891892
73,78,047EDF0010,decrescente,DF-047,DUP,True,0.8,57345.0,80.0,74.0,True,2,3600,False,,,,,,38.91891891891892
73,55,047EDF0030,crescente,DF-047,DUP,True,1.8,38284.0,80.0,74.0,True,2,3600,True,1909.0,0.5302777777777777,1249.0,0.34694444444444444,,87.56756756756758
55,73,047EDF0030,decrescente,DF-047,DUP,True,1.8,38284.0,80.0,74.0,True,2,3600,False,,,,,,87.56756756756758
55,33,047EDF0050,crescente,DF-047,DUP,True,1.2,120000.0,80.0,77.0,False,2,3600,False,,,,,,56.103896103896105
33,55,047EDF0050,decrescente,DF-047,DUP,True,1.2,120000.0,80.0,77.0,False,2,3600,False,,,,,,56.103896103896105
55,42,051EDF0010,crescente,DF-051,DUP,True,2.4,63336.0,70.0,67.0,True,2,3600,True,2451.0,0.6808333333333333,4792.0,1.3311111111111111,,128.95522388059703
42,55,051EDF0010,decrescente,DF-051,DUP,True,2.4,63336.0,70.0,67.0,True,2,3600,True,3390.0,0.9416666666666667,1935.0,0.5375,,128.95522388059703
42,79,051EDF0030,crescente,DF-051,DUP,True,1.5,46939.0,70.0,67.0,True,2,3600,True,1606.0,0.4461111111111111,3747.0,1.0408333333333333,,80.59701492537313
79,42,051EDF0030,decrescente,DF-051,DUP,True,1.5,46939.0,70.0,67.0,True,2,3600,True,1947.0,0.5408333333333334,1581.0,0.43916666666666665,,80.59701492537313
45,80,055EDF0010,crescente,DF-055,PAV,True,2.0,7842.0,60.0,56.0,False,1,1400,True,477.0,0.3407142857142857,664.0,0.4742857142857143,,128.57142857142856
80,45,055EDF0010,decrescente,DF-055,PAV,True,2.0,7842.0,60.0,56.0,False,1,1400,False,,,,,,128.57142857142856
46,16,065EDF0010,crescente,DF-065,DUP,True,4.0,30947.0,80.0,78.0,True,2,3600,True,1733.0,0.48138888888888887,4053.0,1.1258333333333332,,184.6153846153846
16,46,065EDF0010,decrescente,DF-065,DUP,True,4.0,30947.0,80.0,78.0,True,2,3600,True,1943.5,0.5398611111111111,957.5,0.2659722222222222,,184.6153846153846
43,81,075EDF0010,crescente,DF-075,DUP,True,2.0,83961.0,80.0,70.0,True,2,3600,True,3171.0,0.8808333333333334,3536.0,0.9822222222222222,,102.85714285714285
81,43,075EDF0010,decrescente,DF-075,DUP,True,2.0,83961.0,80.0,70.0,True,2,3600,True,1543.0,0.4286111111111111,1180.0,0.3277777777777778,,102.85714285714285
81,82,075EDF0030,crescente,DF-075,DUP,True,1.9,56586.0,80.0,65.0,False,2,3600,True,3018.0,0.8383333333333334,4204.0,1.1677777777777778,,105.23076923076923
82,81,075EDF0030,decrescente,DF-075,DUP,True,1.9,56586.0,80.0,65.0,False,2,3600,True,3701.0,1.0280555555555555,3391.0,0.9419444444444445,,105.23076923076923
82,83,075EDF0050,crescente,DF-075,DUP,True,4.2,63588.0,80.0,70.0,True,2,3600,True,4865.0,1.351388888888889,5254.0,1.4594444444444445,,216.00000000000003
83,82,075EDF0050,decrescente,DF-075,DUP,True,4.2,63588.0,80.0,70.0,True,2,3600,True,1353.0,0.37583333333333335,1365.0,0.37916666666666665,,216.00000000000003
84,85,079EDF0010,crescente,DF-079,DUP,True,2.3,40494.0,60.0,57.0,True,2,3600,True,1547.0,0.4297222222222222,3056.0,0.8488888888888889,,145.26315789473682
85,84,079EDF0010,decrescente,DF-079,DUP,True,2.3,40494.0,60.0,57.0,True,2,3600,True,1808.0,0.5022222222222222,1780.5,0.4945833333333333,,145.26315789473682
85,82,079EDF0030,crescente,DF-079,DUP,True,5.9,32738.0,60.0,57.0,True,2,3600,True,3086.0,0.8572222222222222,2797.0,0.7769444444444444,,372.63157894736844
82,85,079EDF0030,decrescente,DF-079,DUP,True,5.9,32738.0,60.0,57.0,True,2,3600,True,4494.0,1.2483333333333333,4146.0,1.1516666666666666,,372.63157894736844
40,86,085EDF0010,crescente,DF-085,DUP,True,5.8,111601.0,60.0,60.0,True,2,3600,True,6533.0,1.8147222222222221,8658.0,2.405,,348.0
86,40,085EDF0010,decrescente,DF-085,DUP,True,5.8,111601.0,60.0,60.0,True,2,3600,True,7958.0,2.2105555555555556,7994.0,2.2205555555555554,,348.0
86,84,085EDF0030,crescente,DF-085,DUP,True,1.4,124335.0,60.0,60.0,True,2,3600,True,4928.0,1.3688888888888888,5932.0,1.6477777777777778,,83.99999999999999
84,86,085EDF0030,decrescente,DF-085,DUP,True,1.4,124335.0,60.0,60.0,True,2,3600,True,5094.0,1.415,5669.0,1.5747222222222221,,83.99999999999999
84,22,085EDF0050,crescente,DF-085,DUP,True,5.5,97669.0,60.0,65.0,True,2,3600,True,4034.0,1.1205555555555555,5046.0,1.4016666666666666,,304.61538461538464
22,84,085EDF0050,decrescente,DF-085,DUP,True,5.5,97669.0,60.0,65.0,True,2,3600,True,3154.0,0.8761111111111111,5098.0,1.416111111111111,,304.61538461538464
87,86,087EDF0010,crescente,DF-087,DUP,True,3.1,32945.0,65.0,43.0,False,2,3600,True,1592.0,0.44222222222222224,1298.0,0.3605555555555556,,259.5348837209303
86,87,087EDF0010,decrescente,DF-087,DUP,True,3.1,32945.0,65.0,43.0,False,2,3600,True,1638.0,0.455,1038.0,0.28833333333333333,,259.5348837209303
39,88,095EDF0010,crescente,DF-095,DUP,True,3.4,61820.0,80.0,80.0,True,2,3600,True,3286.0,0.9127777777777778,1918.0,0.5327777777777778,,153.0
88,39,095EDF0010,decrescente,DF-095,DUP,True,3.4,61820.0,80.0,80.0,True,2,3600,True,2504.0,0.6955555555555556,2145.0,0.5958333333333333,,153.0
88,87,095EDF0030,crescente,DF-095,DUP,True,3.1,75319.0,80.0,80.0,True,2,3600,True,3062.0,0.8505555555555555,2360.0,0.6555555555555556,,139.5
87,88,095EDF0030,decrescente,DF-095,DUP,True,3.1,75319.0,80.0,80.0,True,2,3600,True,3027.0,0.8408333333333333,2470.0,0.6861111111111111,,139.5
87,23,095EDF0050,crescente,DF-095,DUP,True,6.1,57004.0,80.0,80.0,True,2,3600,True,5141.0,1.4280555555555556,3381.0,0.9391666666666667,,274.5
23,87,095EDF0050,decrescente,DF-095,DUP,True,6.1,57004.0,80.0,80.0,True,2,3600,True,5947.0,1.6519444444444444,5455.0,1.5152777777777777,,274.5
88,69,097EDF0010,crescente,DF-097,IMP,False,2.0,180.0,,80.0,True,1,600,False,,,,,,90.0
69,88,097EDF0010,decrescente,DF-097,IMP,False,2.0,180.0,,80.0,True,1,600,False,,,,,,90.0
69,24,097EDF0030,crescente,DF-097,IMP,False,9.5,125.0,,24.0,False,1,600,False,,,,,,1425.0
24,69,097EDF0030,decrescente,DF-097,IMP,False,9.5,125.0,,24.0,False,1,600,False,,,,,,1425.0
89,90,100EDF0010,crescente,DF-100,PAV,True,8.5,2364.0,,87.0,True,1,1400,False,,,,,,351.7241379310345
90,89,100EDF0010,decrescente,DF-100,PAV,True,8.5,2364.0,,87.0,True,1,1400,False,,,,,,351.7241379310345
90,91,100EDF0030,crescente,DF-100,PAV,True,0.5,2364.0,,87.0,True,1,1400,False,,,,,,20.689655172413794
91,90,100EDF0030,decrescente,DF-100,PAV,True,0.5,2364.0,,87.0,True,1,1400,False,,,,,,20.689655172413794
91,92,100EDF0050,crescente,DF-100,PAV,True,3.8,2404.0,,87.0,True,1,1400,False,,,,,,157.24137931034483
92,91,100EDF0050,decrescente,DF-100,PAV,True,3.8,2404.0,,87.0,True,1,1400,False,,,,,,157.24137931034483
92,93,100EDF0070,crescente,DF-100,PAV,True,0.2,2449.0,,87.0,True,1,1400,False,,,,,,8.275862068965518
93,92,100EDF0070,decrescente,DF-100,PAV,True,0.2,2449.0,,87.0,True,1,1400,False,,,,,,8.275862068965518
93,94,100EDF0090,crescente,DF-100,PAV,True,3.5,2492.0,,89.0,False,1,1400,False,,,,,,141.57303370786516
94,93,100EDF0090,decrescente,DF-100,PAV,True,3.5,2492.0,,89.0,False,1,1400,False,,,,,,141.57303370786516
94,95,100EDF0110,crescente,DF-100,IMP,False,5.3,311.0,,70.0,True,1,600,False,,,,,,272.57142857142856
95,94,100EDF0110,decrescente,DF-100,IMP,False,5.3,311.0,,70.0,True,1,600,False,,,,,,272.57142857142856
95,96,100EDF0130,crescente,DF-100,IMP,False,0.2,311.0,,,False,1,600,False,,,,,,
96,95,100EDF0130,decrescente,DF-100,IMP,False,0.2,311.0,,,False,1,600,False,,,,,,
96,97,100EDF0150,crescente,DF-100,IMP,False,2.0,374.0,,,False,1,600,False,,,,,,
97,96,100EDF0150,decrescente,DF-100,IMP,False,2.0,374.0,,,False,1,600,False,,,,,,
97,98,100EDF0170,crescente,DF-100,IMP,False,4.1,374.0,,,False,1,600,False,,,,,,
98,97,100EDF0170,decrescente,DF-100,IMP,False,4.1,374.0,,,False,1,600,False,,,,,,
98,99,100EDF0190,crescente,DF-100,IMP,False,3.6,374.0,,,False,1,600,False,,,,,,
99,98,100EDF0190,decrescente,DF-100,IMP,False,3.6,374.0,,,False,1,600,False,,,,,,
99,100,100EDF0210,crescente,DF-100,IMP,False,4.2,407.0,,,False,1,600,False,,,,,,
100,99,100EDF0210,decrescente,DF-100,IMP,False,4.2,407.0,,,False,1,600,False,,,,,,
100,101,100EDF0230,crescente,DF-100,IMP,False,3.4,407.0,,,False,1,600,False,,,,,,
101,100,100EDF0230,decrescente,DF-100,IMP,False,3.4,407.0,,,False,1,600,False,,,,,,
101,102,100EDF0250,crescente,DF-100,IMP,False,10.5,407.0,,,False,1,600,False,,,,,,
102,101,100EDF0250,decrescente,DF-100,IMP,False,10.5,407.0,,,False,1,600,False,,,,,,
102,103,100EDF0270,crescente,DF-100,IMP,False,3.0,282.0,,,False,1,600,False,,,,,,
103,102,100EDF0270,decrescente,DF-100,IMP,False,3.0,282.0,,,False,1,600,False,,,,,,
104,105,105EDF0010,crescente,DF-105,IMP,False,5.9,220.0,,87.0,True,1,600,False,,,,,,244.1379310344828
105,104,105EDF0010,decrescente,DF-105,IMP,False,5.9,220.0,,87.0,True,1,600,False,,,,,,244.1379310344828
106,107,105EDF0050,crescente,DF-105,IMP,False,4.4,220.0,,68.0,True,1,600,False,,,,,,232.94117647058826
107,106,105EDF0050,decrescente,DF-105,IMP,False,4.4,220.0,,68.0,True,1,600,False,,,,,,232.94117647058826
108,109,105EDF0090,crescente,DF-105,IMP,False,0.9,63.0,,70.0,True,1,600,False,,,,,,46.285714285714285
109,108,105EDF0090,decrescente,DF-105,IMP,False,0.9,63.0,,70.0,True,1,600,False,,,,,,46.285714285714285
109,96,105EDF0110,crescente,DF-105,IMP,False,9.1,63.0,,,False,1,600,False,,,,,,
96,109,105EDF0110,decrescente,DF-105,IMP,False,9.1,63.0,,,False,1,600,False,,,,,,
110,111,110EDF0010,crescente,DF-110,IMP,False,5.5,282.0,,60.0,True,1,600,False,,,,,,330.0
111,110,110EDF0010,decrescente,DF-110,IMP,False,5.5,282.0,,60.0,True,1,600,False,,,,,,330.0
111,112,110EDF0030,crescente,DF-110,IMP,False,1.2,282.0,,60.0,True,1,600,False,,,,,,72.0
112,111,110EDF0030,decrescente,DF-110,IMP,False,1.2,282.0,,60.0,True,1,600,False,,,,,,72.0
112,113,110EDF0050,crescente,DF-110,IMP,False,0.9,51.0,,62.0,True,1,600,False,,,,,,52.25806451612903
113,112,110EDF0050,decrescente,DF-110,IMP,False,0.9,51.0,,62.0,True,1,600,False,,,,,,52.25806451612903
113,114,110EDF0070,crescente,DF-110,IMP,False,7.4,51.0,,62.0,True,1,600,False,,,,,,429.6774193548387
114,113,110EDF0070,decrescente,DF-110,IMP,False,7.4,51.0,,62.0,True,1,600,False,,,,,,429.6774193548387
114,115,110EDF0090,crescente,DF-110,IMP,False,0.5,119.0,,62.0,True,1,600,False,,,,,,29.032258064516128
115,114,110EDF0090,decrescente,DF-110,IMP,False,0.5,119.0,,62.0,True,1,600,False,,,,,,29.032258064516128
115,116,110EDF0110,crescente,DF-110,IMP,False,3.0,119.0,,62.0,True,1,600,False,,,,,,174.19354838709677
116,115,110EDF0110,decrescente,DF-110,IMP,False,3.0,119.0,,62.0,True,1,600,False,,,,,,174.19354838709677
117,118,120EDF0010,crescente,DF-120,IMP,False,11.0,234.0,,70.0,True,1,600,False,,,,,,565.7142857142857
118,117,120EDF0010,decrescente,DF-120,IMP,False,11.0,234.0,,70.0,True,1,600,False,,,,,,565.7142857142857
118,119,120EDF0030,crescente,DF-120,PAV,True,2.8,359.0,,,False,1,1400,False,,,,,,
119,118,120EDF0030,decrescente,DF-120,PAV,True,2.8,359.0,,,False,1,1400,False,,,,,,
119,120,120EDF0050,crescente,DF-120,IMP,False,1.0,296.0,,,False,1,600,False,,,,,,
120,119,120EDF0050,decrescente,DF-120,IMP,False,1.0,296.0,,,False,1,600,False,,,,,,
120,121,120EDF0070,crescente,DF-120,IMP,False,2.9,296.0,,,False,1,600,False,,,,,,
121,120,120EDF0070,decrescente,DF-120,IMP,False,2.9,296.0,,,False,1,600,False,,,,,,
122,123,120EDF0110,crescente,DF-120,IMP,False,5.9,144.0,,,False,1,600,False,,,,,,
123,122,120EDF0110,decrescente,DF-120,IMP,False,5.9,144.0,,,False,1,600,False,,,,,,
123,124,120EDF0130,crescente,DF-120,IMP,False,2.1,144.0,,,False,1,600,False,,,,,,
124,123,120EDF0130,decrescente,DF-120,IMP,False,2.1,144.0,,,False,1,600,False,,,,,,
125,126,120EDF0170,crescente,DF-120,IMP,False,15.1,531.0,,,False,1,600,False,,,,,,
126,125,120EDF0170,decrescente,DF-120,IMP,False,15.1,531.0,,,False,1,600,False,,,,,,
127,128,125EDF0010,crescente,DF-125,IMP,False,2.5,179.0,,,False,1,600,False,,,,,,
128,127,125EDF0010,decrescente,DF-125,IMP,False,2.5,179.0,,,False,1,600,False,,,,,,
129,130,125EDF0050,crescente,DF-125,IMP,False,5.12,179.0,,,False,1,600,False,,,,,,
130,129,125EDF0050,decrescente,DF-125,IMP,False,5.12,179.0,,,False,1,600,False,,,,,,
131,132,125EDF0090,crescente,DF-125,IMP,False,2.7,378.0,,80.0,True,1,600,False,,,,,,121.50000000000001
132,131,125EDF0090,decrescente,DF-125,IMP,False,2.7,378.0,,80.0,True,1,600,False,,,,,,121.50000000000001
132,133,125EDF0100,crescente,DF-125,PAV,True,5.2,615.0,,80.0,True,1,1400,False,,,,,,234.0
133,132,125EDF0100,decrescente,DF-125,PAV,True,5.2,615.0,,80.0,True,1,1400,False,,,,,,234.0
134,135,125EDF0120,crescente,DF-125,PAV,True,0.6,124.0,,84.0,True,1,1400,False,,,,,,25.71428571428571
135,134,125EDF0120,decrescente,DF-125,PAV,True,0.6,124.0,,84.0,True,1,1400,False,,,,,,25.71428571428571
135,136,125EDF0130,crescente,DF-125,IMP,False,9.0,124.0,,84.0,True,1,600,False,,,,,,385.71428571428567
136,135,125EDF0130,decrescente,DF-125,IMP,False,9.0,124.0,,84.0,True,1,600,False,,,,,,385.71428571428567
137,138,128EDF0010,crescente,DF-128,PAV,True,3.4,15441.0,70.0,62.0,False,1,1400,True,893.0,0.6378571428571429,356.0,0.2542857142857143,,197.4193548387097
138,137,128EDF0010,decrescente,DF-128,PAV,True,3.4,15441.0,70.0,62.0,False,1,1400,True,349.0,0.24928571428571428,1103.0,0.7878571428571428,,197.4193548387097
138,139,128EDF0030,crescente,DF-128,PAV,True,8.4,9566.0,70.0,64.0,True,1,1400,True,759.0,0.5421428571428571,358.0,0.2557142857142857,,472.5
139,138,128EDF0030,decrescente,DF-128,PAV,True,8.4,9566.0,70.0,64.0,True,1,1400,True,312.0,0.22285714285714286,907.0,0.6478571428571429,,472.5
139,140,128EDF0050,crescente,DF-128,PAV,True,2.0,9907.0,70.0,64.0,True,1,1400,False,,,,,,112.5
140,139,128EDF0050,decrescente,DF-128,PAV,True,2.0,9907.0,70.0,64.0,True,1,1400,False,,,,,,112.5
140,141,128EDF0070,crescente,DF-128,PAV,True,2.5,8209.0,70.0,46.0,False,1,1400,True,708.0,0.5057142857142857,800.0,0.5714285714285714,,195.65217391304347
141,140,128EDF0070,decrescente,DF-128,PAV,True,2.5,8209.0,70.0,46.0,False,1,1400,False,,,,,,195.65217391304347
141,142,128EDF0090,crescente,DF-128,PAV,True,3.0,7817.0,70.0,45.0,False,1,1400,False,,,,,,240.0
142,141,128EDF0090,decrescente,DF-128,PAV,True,3.0,7817.0,70.0,45.0,False,1,1400,False,,,,,,240.0
142,143,128EDF0110,crescente,DF-128,PAV,True,2.5,1235.0,70.0,55.0,True,1,1400,False,,,,,,163.63636363636365
143,142,128EDF0110,decrescente,DF-128,PAV,True,2.5,1235.0,70.0,55.0,True,1,1400,False,,,,,,163.63636363636365
143,144,128EDF0130,crescente,DF-128,PAV,True,2.4,1292.0,70.0,55.0,True,1,1400,False,,,,,,157.09090909090907
144,143,128EDF0130,decrescente,DF-128,PAV,True,2.4,1292.0,70.0,55.0,True,1,1400,False,,,,,,157.09090909090907
144,145,128EDF0150,crescente,DF-128,EOP,False,1.6,450.0,70.0,,False,1,800,False,,,,,,
145,144,128EDF0150,decrescente,DF-128,EOP,False,1.6,450.0,70.0,,False,1,800,False,,,,,,
146,147,130EDF0010,crescente,DF-130,PAV,True,2.5,14608.0,,67.0,True,1,1400,False,,,,,,134.32835820895522
147,146,130EDF0010,decrescente,DF-130,PAV,True,2.5,14608.0,,67.0,True,1,1400,False,,,,,,134.32835820895522
147,148,130EDF0030,crescente,DF-130,PAV,True,6.7,7345.0,,67.0,True,1,1400,False,,,,,,360.0
148,147,130EDF0030,decrescente,DF-130,PAV,True,6.7,7345.0,,67.0,True,1,1400,False,,,,,,360.0
148,149,130EDF0050,crescente,DF-130,PAV,True,6.6,4630.0,,67.0,True,1,1400,False,,,,,,354.6268656716418
149,148,130EDF0050,decrescente,DF-130,PAV,True,6.6,4630.0,,67.0,True,1,1400,True,204.0,0.1457142857142857,150.0,0.10714285714285714,,354.6268656716418
149,150,130EDF0070,crescente,DF-130,PAV,True,1.8,3856.0,,70.0,True,1,1400,False,,,,,,92.57142857142857
150,149,130EDF0070,decrescente,DF-130,PAV,True,1.8,3856.0,,70.0,True,1,1400,False,,,,,,92.57142857142857
150,151,130EDF0090,crescente,DF-130,PAV,True,2.9,4555.0,,70.0,True,1,1400,False,,,,,,149.14285714285714
151,150,130EDF0090,decrescente,DF-130,PAV,True,2.9,4555.0,,70.0,True,1,1400,False,,,,,,149.14285714285714
151,152,130EDF0110,crescente,DF-130,PAV,True,2.4,4555.0,,70.0,True,1,1400,False,,,,,,123.42857142857143
152,151,130EDF0110,decrescente,DF-130,PAV,True,2.4,4555.0,,70.0,True,1,1400,False,,,,,,123.42857142857143
152,153,130EDF0130,crescente,DF-130,PAV,True,2.3,4555.0,,70.0,True,1,1400,False,,,,,,118.28571428571428
153,152,130EDF0130,decrescente,DF-130,PAV,True,2.3,4555.0,,70.0,True,1,1400,False,,,,,,118.28571428571428
153,154,130EDF0150,crescente,DF-130,PAV,True,2.7,4555.0,,64.0,True,1,1400,False,,,,,,151.875
154,153,130EDF0150,decrescente,DF-130,PAV,True,2.7,4555.0,,64.0,True,1,1400,False,,,,,,151.875
154,155,130EDF0170,crescente,DF-130,PAV,True,1.6,3466.0,,64.0,True,1,1400,False,,,,,,90.0
155,154,130EDF0170,decrescente,DF-130,PAV,True,1.6,3466.0,,64.0,True,1,1400,False,,,,,,90.0
155,156,130EDF0190,crescente,DF-130,PAV,True,4.6,3466.0,,70.0,True,1,1400,False,,,,,,236.57142857142856
156,155,130EDF0190,decrescente,DF-130,PAV,True,4.6,3466.0,,70.0,True,1,1400,False,,,,,,236.57142857142856
156,157,130EDF0210,crescente,DF-130,PAV,True,0.5,4066.0,,64.0,True,1,1400,False,,,,,,28.125
157,156,130EDF0210,decrescente,DF-130,PAV,True,0.5,4066.0,,64.0,True,1,1400,False,,,,,,28.125
157,158,130EDF0230,crescente,DF-130,PAV,True,3.4,2457.0,,80.0,True,1,1400,False,,,,,,153.0
158,157,130EDF0230,decrescente,DF-130,PAV,True,3.4,2457.0,,80.0,True,1,1400,False,,,,,,153.0
158,159,130EDF0250,crescente,DF-130,PAV,True,9.8,2313.0,,87.0,True,1,1400,False,,,,,,405.5172413793104
159,158,130EDF0250,decrescente,DF-130,PAV,True,9.8,2313.0,,87.0,True,1,1400,False,,,,,,405.5172413793104
160,161,131EDF0010,crescente,DF-131,IMP,False,3.0,247.0,,59.0,True,1,600,False,,,,,,183.05084745762713
161,160,131EDF0010,decrescente,DF-131,IMP,False,3.0,247.0,,59.0,True,1,600,False,,,,,,183.05084745762713
161,162,131EDF0030,crescente,DF-131,PAV,True,4.5,467.0,,52.0,False,1,1400,False,,,,,,311.53846153846155
162,161,131EDF0030,decrescente,DF-131,PAV,True,4.5,467.0,,52.0,False,1,1400,False,,,,,,311.53846153846155
162,139,131EDF0050,crescente,DF-131,PAV,True,1.8,467.0,,51.0,True,1,1400,False,,,,,,127.05882352941177
139,162,131EDF0050,decrescente,DF-131,PAV,True,1.8,467.0,,51.0,True,1,1400,False,,,,,,127.05882352941177
163,164,135EDF0030,crescente,DF-135,IMP,False,2.5,210.0,,,False,1,600,False,,,,,,
164,163,135EDF0030,decrescente,DF-135,IMP,False,2.5,210.0,,,False,1,600,False,,,,,,
13,165,140EDF0010,crescente,DF-140,DUP,True,1.3,10971.0,60.0,76.0,False,2,3600,False,,,,,,61.578947368421055
165,13,140EDF0010,decrescente,DF-140,DUP,True,1.3,10971.0,60.0,76.0,False,2,3600,False,,,,,,61.578947368421055
165,166,140EDF0030,crescente,DF-140,EOD,True,7.1,5591.0,60.0,69.0,True,1,1400,False,,,,,,370.4347826086956
166,165,140EDF0030,decrescente,DF-140,EOD,True,7.1,5591.0,60.0,69.0,True,1,1400,False,,,,,,370.4347826086956
166,167,140EDF0050,crescente,DF-140,EOD,True,6.4,5916.0,60.0,69.0,True,1,1400,False,,,,,,333.9130434782609
167,166,140EDF0050,decrescente,DF-140,EOD,True,6.4,5916.0,60.0,69.0,True,1,1400,False,,,,,,333.9130434782609
168,169,150EDF0010,crescente,DF-150,DUP,True,6.9,23866.0,70.0,59.0,True,2,3600,True,2092.5,0.58125,5486.5,1.5240277777777778,,421.0169491525424
169,168,150EDF0010,decrescente,DF-150,DUP,True,6.9,23866.0,70.0,59.0,True,2,3600,True,3935.0,1.0930555555555554,1688.5,0.46902777777777777,,421.0169491525424
169,170,150EDF0050,crescente,DF-150,PAV,True,6.6,9470.0,70.0,60.0,True,1,1400,True,573.5,0.40964285714285714,784.5,0.5603571428571429,,396.0
170,169,150EDF0050,decrescente,DF-150,PAV,True,6.6,9470.0,70.0,60.0,True,1,1400,True,495.0,0.3535714285714286,286.0,0.2042857142857143,,396.0
171,172,180EDF0190,crescente,DF-180,PAV,True,0.9,7459.0,80.0,51.0,True,1,1400,False,,,,,,63.529411764705884
172,171,180EDF0190,decrescente,DF-180,PAV,True,0.9,7459.0,80.0,51.0,True,1,1400,False,,,,,,63.529411764705884
172,173,180EDF0210,crescente,DF-180,PAV,True,0.9,7459.0,80.0,55.0,False,1,1400,False,,,,,,58.909090909090914
173,172,180EDF0210,decrescente,DF-180,PAV,True,0.9,7459.0,80.0,55.0,False,1,1400,False,,,,,,58.909090909090914
173,174,180EDF0230,crescente,DF-180,PAV,True,5.8,7459.0,80.0,51.0,True,1,1400,False,,,,,,409.4117647058823
174,173,180EDF0230,decrescente,DF-180,PAV,True,5.8,7459.0,80.0,51.0,True,1,1400,False,,,,,,409.4117647058823
174,175,180EDF0250,crescente,DF-180,DUP,True,2.6,29904.0,80.0,78.0,False,2,3600,False,,,,,,120.0
175,174,180EDF0250,decrescente,DF-180,DUP,True,2.6,29904.0,80.0,78.0,False,2,3600,False,,,,,,120.0
175,176,180EDF0270,crescente,DF-180,PAV,True,4.3,10881.0,80.0,53.0,False,1,1400,False,,,,,,292.0754716981132
176,175,180EDF0270,decrescente,DF-180,PAV,True,4.3,10881.0,80.0,53.0,False,1,1400,False,,,,,,292.0754716981132
176,177,180EDF0290,crescente,DF-180,PAV,True,6.7,10881.0,80.0,61.0,True,1,1400,False,,,,,,395.4098360655738
177,176,180EDF0290,decrescente,DF-180,PAV,True,6.7,10881.0,80.0,61.0,True,1,1400,False,,,,,,395.4098360655738
177,178,180EDF0310,crescente,DF-180,PAV,True,4.8,5880.0,80.0,61.0,True,1,1400,False,,,,,,283.27868852459017
178,177,180EDF0310,decrescente,DF-180,PAV,True,4.8,5880.0,80.0,61.0,True,1,1400,False,,,,,,283.27868852459017
178,179,180EDF0330,crescente,DF-180,PAV,True,0.9,8200.0,80.0,61.0,True,1,1400,False,,,,,,53.114754098360656
179,178,180EDF0330,decrescente,DF-180,PAV,True,0.9,8200.0,80.0,61.0,True,1,1400,False,,,,,,53.114754098360656
179,180,180EDF0350,crescente,DF-180,PAV,True,1.4,6643.0,80.0,58.0,True,1,1400,False,,,,,,86.89655172413794
180,179,180EDF0350,decrescente,DF-180,PAV,True,1.4,6643.0,80.0,58.0,True,1,1400,False,,,,,,86.89655172413794
180,181,180EDF0370,crescente,DF-180,PAV,True,6.0,6643.0,80.0,58.0,True,1,1400,False,,,,,,372.41379310344826
181,180,180EDF0370,decrescente,DF-180,PAV,True,6.0,6643.0,80.0,58.0,True,1,1400,False,,,,,,372.41379310344826
181,182,180EDF0390,crescente,DF-180,PAV,True,3.1,6643.0,80.0,59.0,True,1,1400,False,,,,,,189.15254237288138
182,181,180EDF0390,decrescente,DF-180,PAV,True,3.1,6643.0,80.0,59.0,True,1,1400,False,,,,,,189.15254237288138
182,183,180EDF0410,crescente,DF-180,PAV,True,2.0,6643.0,80.0,59.0,True,1,1400,False,,,,,,122.03389830508475
183,182,180EDF0410,decrescente,DF-180,PAV,True,2.0,6643.0,80.0,59.0,True,1,1400,False,,,,,,122.03389830508475
176,184,190EDF0010,crescente,DF-190,PAV,True,5.9,3460.0,80.0,79.0,False,1,1400,False,,,,,,268.8607594936709
184,176,190EDF0010,decrescente,DF-190,PAV,True,5.9,3460.0,80.0,79.0,False,1,1400,False,,,,,,268.8607594936709
184,185,190EDF0030,crescente,DF-190,PAV,True,10.0,3460.0,80.0,79.0,False,1,1400,False,,,,,,455.6962025316456
185,184,190EDF0030,decrescente,DF-190,PAV,True,10.0,3460.0,80.0,79.0,False,1,1400,False,,,,,,455.6962025316456
186,187,205EDF0010,crescente,DF-205,IMP,False,1.5,231.0,80.0,56.0,False,1,600,False,,,,,,96.42857142857142
187,186,205EDF0010,decrescente,DF-205,IMP,False,1.5,231.0,80.0,56.0,False,1,600,False,,,,,,96.42857142857142
187,188,205EDF0030,crescente,DF-205,PAV,True,9.5,231.0,80.0,57.0,True,1,1400,False,,,,,,600.0
188,187,205EDF0030,decrescente,DF-205,PAV,True,9.5,231.0,80.0,57.0,True,1,1400,False,,,,,,600.0
188,170,205EDF0050,crescente,DF-205,PAV,True,5.0,1956.0,80.0,57.0,True,1,1400,False,,,,,,315.7894736842105
170,188,205EDF0050,decrescente,DF-205,PAV,True,5.0,1956.0,80.0,57.0,True,1,1400,False,,,,,,315.7894736842105
170,189,205EDF0070,crescente,DF-205,PAV,True,2.8,8094.0,80.0,60.0,True,1,1400,False,,,,,,167.99999999999997
189,170,205EDF0070,decrescente,DF-205,PAV,True,2.8,8094.0,80.0,60.0,True,1,1400,False,,,,,,167.99999999999997
189,190,205EDF0090,crescente,DF-205,PAV,True,5.9,1956.0,80.0,60.0,True,1,1400,False,,,,,,354.00000000000006
190,189,205EDF0090,decrescente,DF-205,PAV,True,5.9,1956.0,80.0,60.0,True,1,1400,False,,,,,,354.00000000000006
190,191,205EDF0110,crescente,DF-205,PAV,True,6.5,1956.0,80.0,59.0,True,1,1400,False,,,,,,396.6101694915254
191,190,205EDF0110,decrescente,DF-205,PAV,True,6.5,1956.0,80.0,59.0,True,1,1400,False,,,,,,396.6101694915254
191,161,205EDF0130,crescente,DF-205,IMP,False,8.0,217.0,80.0,61.0,True,1,600,False,,,,,,472.13114754098365
161,191,205EDF0130,decrescente,DF-205,IMP,False,8.0,217.0,80.0,61.0,True,1,600,False,,,,,,472.13114754098365
161,138,205EDF0150,crescente,DF-205,PAV,True,7.1,464.0,80.0,61.0,False,1,1400,False,,,,,,419.0163934426229
138,161,205EDF0150,decrescente,DF-205,PAV,True,7.1,464.0,80.0,61.0,False,1,1400,False,,,,,,419.0163934426229
138,192,205EDF0170,crescente,DF-205,IMP,False,9.9,164.0,80.0,42.0,False,1,600,False,,,,,,848.5714285714286
192,138,205EDF0170,decrescente,DF-205,IMP,False,9.9,164.0,80.0,42.0,False,1,600,False,,,,,,848.5714285714286
192,193,205EDF0190,crescente,DF-205,IMP,False,2.1,191.0,80.0,81.0,True,1,600,False,,,,,,93.33333333333334
193,192,205EDF0190,decrescente,DF-205,IMP,False,2.1,191.0,80.0,81.0,True,1,600,False,,,,,,93.33333333333334
193,110,205EDF0230,crescente,DF-205,IMP,False,4.5,164.0,80.0,81.0,True,1,600,False,,,,,,200.0
110,193,205EDF0230,decrescente,DF-205,IMP,False,4.5,164.0,80.0,81.0,True,1,600,False,,,,,,200.0
110,194,205EDF0250,crescente,DF-205,IMP,False,1.9,2172.0,80.0,62.0,False,1,600,False,,,,,,110.32258064516128
194,110,205EDF0250,decrescente,DF-205,IMP,False,1.9,2172.0,80.0,62.0,False,1,600,False,,,,,,110.32258064516128
194,195,205EDF0270,crescente,DF-205,PAV,True,6.8,2172.0,80.0,89.0,False,1,1400,False,,,,,,275.0561797752809
195,194,205EDF0270,decrescente,DF-205,PAV,True,6.8,2172.0,80.0,89.0,False,1,1400,False,,,,,,275.0561797752809
196,197,206EDF0010,crescente,DF-206,IMP,False,2.9,458.0,,72.0,True,1,600,False,,,,,,144.99999999999997
197,196,206EDF0010,decrescente,DF-206,IMP,False,2.9,458.0,,72.0,True,1,600,False,,,,,,144.99999999999997
197,198,206EDF0030,crescente,DF-206,IMP,False,5.0,458.0,,72.0,True,1,600,False,,,,,,250.0
198,197,206EDF0030,decrescente,DF-206,IMP,False,5.0,458.0,,72.0,True,1,600,False,,,,,,250.0
199,200,220EDF0010,crescente,DF-220,PAV,True,5.0,507.0,,71.0,True,1,1400,False,,,,,,253.5211267605634
200,199,220EDF0010,decrescente,DF-220,PAV,True,5.0,507.0,,71.0,True,1,1400,False,,,,,,253.5211267605634
200,29,220EDF0030,crescente,DF-220,PAV,True,10.82,507.0,,72.0,False,1,1400,False,,,,,,541.0
29,200,220EDF0030,decrescente,DF-220,PAV,True,10.82,507.0,,72.0,False,1,1400,False,,,,,,541.0
201,142,230EDF0010,crescente,DF-230,PAV,True,3.8,9616.0,60.0,55.0,True,1,1400,False,,,,,,248.72727272727272
142,201,230EDF0010,decrescente,DF-230,PAV,True,3.8,9616.0,60.0,55.0,True,1,1400,False,,,,,,248.72727272727272
142,146,230EDF0030,crescente,DF-230,PAV,True,4.1,9616.0,60.0,55.0,False,1,1400,False,,,,,,268.3636363636363
146,142,230EDF0030,decrescente,DF-230,PAV,True,4.1,9616.0,60.0,55.0,False,1,1400,False,,,,,,268.3636363636363
146,202,230EDF0050,crescente,DF-230,PAV,True,2.3,3940.0,60.0,80.0,False,1,1400,False,,,,,,103.49999999999999
202,146,230EDF0050,decrescente,DF-230,PAV,True,2.3,3940.0,60.0,80.0,False,1,1400,False,,,,,,103.49999999999999
202,203,230EDF0070,crescente,DF-230,PAV,True,7.3,1249.0,60.0,68.0,True,1,1400,False,,,,,,386.4705882352941
203,202,230EDF0070,decrescente,DF-230,PAV,True,7.3,1249.0,60.0,68.0,True,1,1400,False,,,,,,386.4705882352941
203,204,230EDF0090,crescente,DF-230,PAV,True,4.3,1249.0,60.0,68.0,True,1,1400,False,,,,,,227.6470588235294
204,203,230EDF0090,decrescente,DF-230,PAV,True,4.3,1249.0,60.0,68.0,True,1,1400,False,,,,,,227.6470588235294
204,205,230EDF0110,crescente,DF-230,PAV,True,2.0,657.0,60.0,68.0,True,1,1400,False,,,,,,105.88235294117646
205,204,230EDF0110,decrescente,DF-230,PAV,True,2.0,657.0,60.0,68.0,True,1,1400,False,,,,,,105.88235294117646
205,206,230EDF0130,crescente,DF-230,IMP,False,1.7,116.0,60.0,67.0,True,1,600,False,,,,,,91.34328358208954
206,205,230EDF0130,decrescente,DF-230,IMP,False,1.7,116.0,60.0,67.0,True,1,600,False,,,,,,91.34328358208954
206,207,230EDF0150,crescente,DF-230,IMP,False,2.5,116.0,60.0,67.0,True,1,600,False,,,,,,134.32835820895522
207,206,230EDF0150,decrescente,DF-230,IMP,False,2.5,116.0,60.0,67.0,True,1,600,False,,,,,,134.32835820895522
207,114,230EDF0170,crescente,DF-230,IMP,False,0.5,73.0,60.0,67.0,True,1,600,False,,,,,,26.865671641791046
114,207,230EDF0170,decrescente,DF-230,IMP,False,0.5,73.0,60.0,67.0,True,1,600,False,,,,,,26.865671641791046
208,209,250EDF0020,crescente,DF-250,PAV,True,5.1,8055.0,60.0,62.0,True,1,1400,True,226.0,0.16142857142857142,547.0,0.39071428571428574,,296.12903225806446
209,208,250EDF0020,decrescente,DF-250,PAV,True,5.1,8055.0,60.0,62.0,True,1,1400,True,609.0,0.435,312.0,0.22285714285714286,,296.12903225806446
148,117,250EDF0050,crescente,DF-250,PAV,True,6.4,1263.0,60.0,87.0,True,1,1400,False,,,,,,264.82758620689657
117,148,250EDF0050,decrescente,DF-250,PAV,True,6.4,1263.0,60.0,87.0,True,1,1400,False,,,,,,264.82758620689657
117,210,250EDF0052,crescente,DF-250,PAV,True,0.5,2633.0,60.0,87.0,True,1,1400,False,,,,,,20.689655172413794
210,117,250EDF0052,decrescente,DF-250,PAV,True,0.5,2633.0,60.0,87.0,True,1,1400,False,,,,,,20.689655172413794
210,211,250EDF0060,crescente,DF-250,PAV,True,2.7,2124.0,60.0,86.0,True,1,1400,False,,,,,,113.0232558139535
211,210,250EDF0060,decrescente,DF-250,PAV,True,2.7,2124.0,60.0,86.0,True,1,1400,False,,,,,,113.0232558139535
212,213,250EDF0072,crescente,DF-250,PAV,True,1.6,2655.0,60.0,87.0,True,1,1400,False,,,,,,66.20689655172414
213,212,250EDF0072,decrescente,DF-250,PAV,True,1.6,2655.0,60.0,87.0,True,1,1400,False,,,,,,66.20689655172414
213,214,250EDF0090,crescente,DF-250,PAV,True,4.5,2655.0,60.0,87.0,True,1,1400,False,,,,,,186.20689655172413
214,213,250EDF0090,decrescente,DF-250,PAV,True,4.5,2655.0,60.0,87.0,True,1,1400,False,,,,,,186.20689655172413
214,215,250EDF0110,crescente,DF-250,PAV,True,0.5,2633.0,60.0,87.0,True,1,1400,False,,,,,,20.689655172413794
215,214,250EDF0110,decrescente,DF-250,PAV,True,0.5,2633.0,60.0,87.0,True,1,1400,False,,,,,,20.689655172413794
116,216,250EDF0150,crescente,DF-250,PAV,True,5.2,2115.0,60.0,68.0,True,1,1400,False,,,,,,275.29411764705884
216,116,250EDF0150,decrescente,DF-250,PAV,True,5.2,2115.0,60.0,68.0,True,1,1400,False,,,,,,275.29411764705884
216,107,250EDF0170,crescente,DF-250,PAV,True,0.7,2115.0,60.0,70.0,True,1,1400,False,,,,,,36.0
107,216,250EDF0170,decrescente,DF-250,PAV,True,0.7,2115.0,60.0,70.0,True,1,1400,False,,,,,,36.0
107,108,250EDF0190,crescente,DF-250,PAV,True,0.7,2115.0,60.0,68.0,True,1,1400,False,,,,,,37.05882352941176
108,107,250EDF0190,decrescente,DF-250,PAV,True,0.7,2115.0,60.0,68.0,True,1,1400,False,,,,,,37.05882352941176
108,217,250EDF0210,crescente,DF-250,PAV,True,3.5,2115.0,60.0,70.0,True,1,1400,False,,,,,,180.0
217,108,250EDF0210,decrescente,DF-250,PAV,True,3.5,2115.0,60.0,70.0,True,1,1400,False,,,,,,180.0
217,94,250EDF0230,crescente,DF-250,PAV,True,0.9,2633.0,60.0,68.0,True,1,1400,False,,,,,,47.64705882352941
94,217,250EDF0230,decrescente,DF-250,PAV,True,0.9,2633.0,60.0,68.0,True,1,1400,False,,,,,,47.64705882352941
218,219,250EDF0270,crescente,DF-250,IMP,False,2.1,311.0,60.0,70.0,True,1,600,False,,,,,,108.00000000000001
219,218,250EDF0270,decrescente,DF-250,IMP,False,2.1,311.0,60.0,70.0,True,1,600,False,,,,,,108.00000000000001
219,220,250EDF0290,crescente,DF-250,IMP,False,1.9,311.0,60.0,70.0,True,1,600,False,,,,,,97.71428571428571
220,219,250EDF0290,decrescente,DF-250,IMP,False,1.9,311.0,60.0,70.0,True,1,600,False,,,,,,97.71428571428571
153,122,260EDF0010,crescente,DF-260,IMP,False,6.5,183.0,,70.0,True,1,600,False,,,,,,334.2857142857143
122,153,260EDF0010,decrescente,DF-260,IMP,False,6.5,183.0,,70.0,True,1,600,False,,,,,,334.2857142857143
122,121,260EDF0030,crescente,DF-260,IMP,False,0.5,183.0,,,False,1,600,False,,,,,,
121,122,260EDF0030,decrescente,DF-260,IMP,False,0.5,183.0,,,False,1,600,False,,,,,,
121,221,260EDF0050,crescente,DF-260,IMP,False,5.3,113.0,,,False,1,600,False,,,,,,
221,121,260EDF0050,decrescente,DF-260,IMP,False,5.3,113.0,,,False,1,600,False,,,,,,
221,222,260EDF0070,crescente,DF-260,IMP,False,2.1,143.0,,,False,1,600,False,,,,,,
222,221,260EDF0070,decrescente,DF-260,IMP,False,2.1,143.0,,,False,1,600,False,,,,,,
222,223,260EDF0090,crescente,DF-260,IMP,False,3.0,161.0,,,False,1,600,False,,,,,,
223,222,260EDF0090,decrescente,DF-260,IMP,False,3.0,161.0,,,False,1,600,False,,,,,,
223,224,260EDF0110,crescente,DF-260,IMP,False,0.5,235.0,,,False,1,600,False,,,,,,
224,223,260EDF0110,decrescente,DF-260,IMP,False,0.5,235.0,,,False,1,600,False,,,,,,
224,225,260EDF0130,crescente,DF-260,IMP,False,2.0,235.0,,,False,1,600,False,,,,,,
225,224,260EDF0130,decrescente,DF-260,IMP,False,2.0,235.0,,,False,1,600,False,,,,,,
225,99,260EDF0150,crescente,DF-260,IMP,False,5.2,235.0,,,False,1,600,False,,,,,,
99,225,260EDF0150,decrescente,DF-260,IMP,False,5.2,235.0,,,False,1,600,False,,,,,,
156,130,270EDF0010,crescente,DF-270,PAV,True,1.9,910.0,,70.0,True,1,1400,False,,,,,,97.71428571428571
130,156,270EDF0010,decrescente,DF-270,PAV,True,1.9,910.0,,70.0,True,1,1400,False,,,,,,97.71428571428571
130,226,270EDF0030,crescente,DF-270,PAV,True,1.5,910.0,,80.0,True,1,1400,False,,,,,,67.5
226,130,270EDF0030,decrescente,DF-270,PAV,True,1.5,910.0,,80.0,True,1,1400,False,,,,,,67.5
226,131,270EDF0040,crescente,DF-270,IMP,False,6.0,967.0,,80.0,True,1,600,False,,,,,,270.0
131,226,270EDF0040,decrescente,DF-270,IMP,False,6.0,967.0,,80.0,True,1,600,False,,,,,,270.0
131,125,270EDF0050,crescente,DF-270,IMP,False,1.9,531.0,,80.0,True,1,600,False,,,,,,85.5
125,131,270EDF0050,decrescente,DF-270,IMP,False,1.9,531.0,,80.0,True,1,600,False,,,,,,85.5
124,227,270EDF0090,crescente,DF-270,IMP,False,5.3,410.0,,,False,1,600,False,,,,,,
227,124,270EDF0090,decrescente,DF-270,IMP,False,5.3,410.0,,,False,1,600,False,,,,,,
227,228,270EDF0110,crescente,DF-270,IMP,False,3.5,369.0,,,False,1,600,False,,,,,,
228,227,270EDF0110,decrescente,DF-270,IMP,False,3.5,369.0,,,False,1,600,False,,,,,,
228,101,270EDF0130,crescente,DF-270,IMP,False,4.0,113.0,,,False,1,600,False,,,,,,
101,228,270EDF0130,decrescente,DF-270,IMP,False,4.0,113.0,,,False,1,600,False,,,,,,
229,185,280EDF0010,crescente,DF-280,PAV,True,1.0,14195.0,80.0,66.0,True,1,1400,False,,,,,,54.54545454545455
185,229,280EDF0010,decrescente,DF-280,PAV,True,1.0,14195.0,80.0,66.0,True,1,1400,False,,,,,,54.54545454545455
185,230,280EDF0012,crescente,DF-280,PAV,True,1.0,9980.0,80.0,66.0,True,1,1400,False,,,,,,54.54545454545455
230,185,280EDF0012,decrescente,DF-280,PAV,True,1.0,9980.0,80.0,66.0,True,1,1400,False,,,,,,54.54545454545455
230,231,280EDF0030,crescente,DF-280,PAV,True,10.6,9624.0,80.0,66.0,True,1,1400,False,,,,,,578.1818181818182
231,230,280EDF0030,decrescente,DF-280,PAV,True,10.6,9624.0,80.0,66.0,True,1,1400,True,338.0,0.24142857142857144,747.0,0.5335714285714286,,578.1818181818182
232,233,285EDF0010,crescente,DF-285,PAV,True,2.5,792.0,,80.0,True,1,1400,False,,,,,,112.5
233,232,285EDF0010,decrescente,DF-285,PAV,True,2.5,792.0,,80.0,True,1,1400,False,,,,,,112.5
233,126,285EDF0030,crescente,DF-285,PAV,True,6.0,792.0,,80.0,True,1,1400,False,,,,,,270.0
126,233,285EDF0030,decrescente,DF-285,PAV,True,6.0,792.0,,80.0,True,1,1400,False,,,,,,270.0
126,234,285EDF0050,crescente,DF-285,PAV,True,1.8,248.0,,,False,1,1400,False,,,,,,
234,126,285EDF0050,decrescente,DF-285,PAV,True,1.8,248.0,,,False,1,1400,False,,,,,,
234,102,285EDF0070,crescente,DF-285,PAV,True,5.8,248.0,,,False,1,1400,False,,,,,,
102,234,285EDF0070,decrescente,DF-285,PAV,True,5.8,248.0,,,False,1,1400,False,,,,,,
102,235,285EDF0090,crescente,DF-285,PAV,True,2.9,248.0,,,False,1,1400,False,,,,,,
235,102,285EDF0090,decrescente,DF-285,PAV,True,2.9,248.0,,,False,1,1400,False,,,,,,
235,236,285EDF0110,crescente,DF-285,IMP,False,6.6,248.0,,,False,1,600,False,,,,,,
236,235,285EDF0110,decrescente,DF-285,IMP,False,6.6,248.0,,,False,1,600,False,,,,,,
237,238,290EDF0010,crescente,DF-290,PAV,True,11.8,4459.0,80.0,87.0,False,1,1400,False,,,,,,488.2758620689656
238,237,290EDF0010,decrescente,DF-290,PAV,True,11.8,4459.0,80.0,87.0,False,1,1400,False,,,,,,488.2758620689656
238,183,290EDF0030,crescente,DF-290,PAV,True,4.9,4459.0,80.0,61.0,True,1,1400,False,,,,,,289.1803278688525
183,238,290EDF0030,decrescente,DF-290,PAV,True,4.9,4459.0,80.0,61.0,True,1,1400,False,,,,,,289.1803278688525
183,239,290EDF0050,crescente,DF-290,PAV,True,4.4,6888.0,80.0,61.0,True,1,1400,False,,,,,,259.672131147541
239,183,290EDF0050,decrescente,DF-290,PAV,True,4.4,6888.0,80.0,61.0,True,1,1400,False,,,,,,259.672131147541
239,240,290EDF0070,crescente,DF-290,PAV,True,1.5,6888.0,80.0,79.0,False,1,1400,False,,,,,,68.35443037974684
240,239,290EDF0070,decrescente,DF-290,PAV,True,1.5,6888.0,80.0,79.0,False,1,1400,False,,,,,,68.35443037974684
240,241,290EDF0080,crescente,DF-290,PAV,True,2.5,13666.0,80.0,54.0,True,1,1400,True,255.0,0.18214285714285713,562.0,0.4014285714285714,,166.66666666666666
241,240,290EDF0080,decrescente,DF-290,PAV,True,2.5,13666.0,80.0,54.0,True,1,1400,False,,,,,,166.66666666666666
241,242,290EDF0090,crescente,DF-290,DUP,True,3.2,37065.0,80.0,54.0,True,2,3600,True,2075.5,0.5765277777777778,3472.5,0.9645833333333333,,213.33333333333334
242,241,290EDF0090,decrescente,DF-290,DUP,True,3.2,37065.0,80.0,54.0,True,2,3600,True,3323.0,0.9230555555555555,2538.0,0.705,,213.33333333333334
242,243,290EDF0110,crescente,DF-290,DUP,True,3.2,33083.0,80.0,61.0,True,2,3600,False,,,,,,188.85245901639345
243,242,290EDF0110,decrescente,DF-290,DUP,True,3.2,33083.0,80.0,61.0,True,2,3600,False,,,,,,188.85245901639345
243,244,290EDF0130,crescente,DF-290,DUP,True,2.5,33083.0,80.0,61.0,True,2,3600,False,,,,,,147.54098360655738
244,243,290EDF0130,decrescente,DF-290,DUP,True,2.5,33083.0,80.0,61.0,True,2,3600,False,,,,,,147.54098360655738
159,136,295EDF0010,crescente,DF-295,IMP,False,4.4,346.0,,87.0,True,1,600,False,,,,,,182.0689655172414
136,159,295EDF0010,decrescente,DF-295,IMP,False,4.4,346.0,,87.0,True,1,600,False,,,,,,182.0689655172414
136,245,295EDF0030,crescente,DF-295,IMP,False,3.8,236.0,,84.0,True,1,600,False,,,,,,162.85714285714286
245,136,295EDF0030,decrescente,DF-295,IMP,False,3.8,236.0,,84.0,True,1,600,False,,,,,,162.85714285714286
245,246,295EDF0050,crescente,DF-295,IMP,False,10.8,272.0,,,False,1,600,False,,,,,,
246,245,295EDF0050,decrescente,DF-295,IMP,False,10.8,272.0,,,False,1,600,False,,,,,,
246,103,295EDF0070,crescente,DF-295,IMP,False,2.3,272.0,,,False,1,600,False,,,,,,
103,246,295EDF0070,decrescente,DF-295,IMP,False,2.3,272.0,,,False,1,600,False,,,,,,
214,247,310EDF0010,crescente,DF-310,IMP,False,8.5,92.0,,70.0,True,1,600,False,,,,,,437.1428571428571
247,214,310EDF0010,decrescente,DF-310,IMP,False,8.5,92.0,,70.0,True,1,600,False,,,,,,437.1428571428571
247,248,310EDF0030,crescente,DF-310,IMP,False,1.4,92.0,,70.0,True,1,600,False,,,,,,72.0
248,247,310EDF0030,decrescente,DF-310,IMP,False,1.4,92.0,,70.0,True,1,600,False,,,,,,72.0
248,249,310EDF0050,crescente,DF-310,IMP,False,4.0,92.0,,,False,1,600,False,,,,,,
249,248,310EDF0050,decrescente,DF-310,IMP,False,4.0,92.0,,,False,1,600,False,,,,,,
249,250,310EDF0070,crescente,DF-310,IMP,False,3.0,26.0,,,False,1,600,False,,,,,,
250,249,310EDF0070,decrescente,DF-310,IMP,False,3.0,26.0,,,False,1,600,False,,,,,,
250,251,310EDF0090,crescente,DF-310,IMP,False,2.0,26.0,,,False,1,600,False,,,,,,
251,250,310EDF0090,decrescente,DF-310,IMP,False,2.0,26.0,,,False,1,600,False,,,,,,
251,98,310EDF0110,crescente,DF-310,IMP,False,5.0,26.0,,,False,1,600,False,,,,,,
98,251,310EDF0110,decrescente,DF-310,IMP,False,5.0,26.0,,,False,1,600,False,,,,,,
212,252,320EDF0010,crescente,DF-320,PAV,True,1.6,763.0,,86.0,True,1,1400,False,,,,,,66.97674418604652
252,212,320EDF0010,decrescente,DF-320,PAV,True,1.6,763.0,,86.0,True,1,1400,False,,,,,,66.97674418604652
252,253,320EDF0030,crescente,DF-320,PAV,True,5.4,763.0,,86.0,True,1,1400,False,,,,,,226.046511627907
253,252,320EDF0030,decrescente,DF-320,PAV,True,5.4,763.0,,86.0,True,1,1400,False,,,,,,226.046511627907
253,254,320EDF0050,crescente,DF-320,PAV,True,2.9,265.0,,,False,1,1400,False,,,,,,
254,253,320EDF0050,decrescente,DF-320,PAV,True,2.9,265.0,,,False,1,1400,False,,,,,,
254,255,320EDF0060,crescente,DF-320,PAV,True,8.0,265.0,,,False,1,1400,False,,,,,,
255,254,320EDF0060,decrescente,DF-320,PAV,True,8.0,265.0,,,False,1,1400,False,,,,,,
255,256,320EDF0070,crescente,DF-320,IMP,False,6.0,101.0,,,False,1,600,False,,,,,,
256,255,320EDF0070,decrescente,DF-320,IMP,False,6.0,101.0,,,False,1,600,False,,,,,,
256,257,320EDF0090,crescente,DF-320,IMP,False,0.8,101.0,,,False,1,600,False,,,,,,
257,256,320EDF0090,decrescente,DF-320,IMP,False,0.8,101.0,,,False,1,600,False,,,,,,
257,258,320EDF0110,crescente,DF-320,IMP,False,2.8,101.0,,,False,1,600,False,,,,,,
258,257,320EDF0110,decrescente,DF-320,IMP,False,2.8,101.0,,,False,1,600,False,,,,,,
258,99,320EDF0130,crescente,DF-320,IMP,False,8.3,101.0,,,False,1,600,False,,,,,,
99,258,320EDF0130,decrescente,DF-320,IMP,False,8.3,101.0,,,False,1,600,False,,,,,,
259,260,322EDF0010,crescente,DF-322,IMP,False,3.5,245.0,,,False,1,600,False,,,,,,
260,259,322EDF0010,decrescente,DF-322,IMP,False,3.5,245.0,,,False,1,600,False,,,,,,
260,261,322EDF0030,crescente,DF-322,IMP,False,8.1,245.0,,,False,1,600,False,,,,,,
261,260,322EDF0030,decrescente,DF-322,IMP,False,8.1,245.0,,,False,1,600,False,,,,,,
261,224,322EDF0050,crescente,DF-322,IMP,False,3.8,245.0,,,False,1,600,False,,,,,,
224,261,322EDF0050,decrescente,DF-322,IMP,False,3.8,245.0,,,False,1,600,False,,,,,,
225,262,322EDF0090,crescente,DF-322,IMP,False,5.0,262.0,,,False,1,600,False,,,,,,
262,225,322EDF0090,decrescente,DF-322,IMP,False,5.0,262.0,,,False,1,600,False,,,,,,
262,228,322EDF0110,crescente,DF-322,IMP,False,2.0,262.0,,,False,1,600,False,,,,,,
228,262,322EDF0110,decrescente,DF-322,IMP,False,2.0,262.0,,,False,1,600,False,,,,,,
189,263,326EDF0010,crescente,DF-326,EOP,False,5.5,305.0,,59.0,True,1,800,False,,,,,,335.59322033898303
263,189,326EDF0010,decrescente,DF-326,EOP,False,5.5,305.0,,59.0,True,1,800,False,,,,,,335.59322033898303
263,264,326EDF0030,crescente,DF-326,PAV,True,0.4,575.0,,60.0,True,1,1400,False,,,,,,24.0
264,263,326EDF0030,decrescente,DF-326,PAV,True,0.4,575.0,,60.0,True,1,1400,False,,,,,,24.0
264,265,326EDF0050,crescente,DF-326,IMP,False,4.0,575.0,,43.0,False,1,600,False,,,,,,334.8837209302325
265,264,326EDF0050,decrescente,DF-326,IMP,False,4.0,575.0,,43.0,False,1,600,False,,,,,,334.8837209302325
266,267,330EDF0010,crescente,DF-330,IMP,False,6.8,3657.0,,,False,1,600,False,,,,,,
267,266,330EDF0010,decrescente,DF-330,IMP,False,6.8,3657.0,,,False,1,600,False,,,,,,
267,209,330EDF0030,crescente,DF-330,EOP,False,6.4,3657.0,,62.0,True,1,800,False,,,,,,371.61290322580646
209,267,330EDF0030,decrescente,DF-330,EOP,False,6.4,3657.0,,62.0,True,1,800,False,,,,,,371.61290322580646
263,268,335EDF0010,crescente,DF-335,IMP,False,5.0,236.0,,61.0,True,1,600,False,,,,,,295.08196721311475
268,263,335EDF0010,decrescente,DF-335,IMP,False,5.0,236.0,,61.0,True,1,600,False,,,,,,295.08196721311475
269,270,335EDF0050,crescente,DF-335,IMP,False,7.0,205.0,,73.0,True,1,600,False,,,,,,345.20547945205476
270,269,335EDF0050,decrescente,DF-335,IMP,False,7.0,205.0,,73.0,True,1,600,False,,,,,,345.20547945205476
270,271,335EDF0070,crescente,DF-335,PAV,True,2.3,205.0,,73.0,True,1,1400,False,,,,,,113.42465753424656
271,270,335EDF0070,decrescente,DF-335,PAV,True,2.3,205.0,,73.0,True,1,1400,False,,,,,,113.42465753424656
271,162,335EDF0090,crescente,DF-335,IMP,False,9.0,193.0,,51.0,True,1,600,False,,,,,,635.2941176470589
162,271,335EDF0090,decrescente,DF-335,IMP,False,9.0,193.0,,51.0,True,1,600,False,,,,,,635.2941176470589
272,192,345EDF0010,crescente,DF-345,PAV,True,2.3,1453.0,60.0,88.0,False,1,1400,False,,,,,,94.09090909090908
192,272,345EDF0010,decrescente,DF-345,PAV,True,2.3,1453.0,60.0,88.0,False,1,1400,False,,,,,,94.09090909090908
192,273,345EDF0030,crescente,DF-345,PAV,True,4.6,2295.0,60.0,91.0,True,1,1400,False,,,,,,181.97802197802196
273,192,345EDF0030,decrescente,DF-345,PAV,True,4.6,2295.0,60.0,91.0,True,1,1400,False,,,,,,181.97802197802196
273,274,345EDF0050,crescente,DF-345,PAV,True,4.1,2011.0,60.0,91.0,True,1,1400,False,,,,,,162.1978021978022
274,273,345EDF0050,decrescente,DF-345,PAV,True,4.1,2011.0,60.0,91.0,True,1,1400,False,,,,,,162.1978021978022
274,202,345EDF0070,crescente,DF-345,PAV,True,9.6,3189.0,60.0,75.0,False,1,1400,False,,,,,,460.8
202,274,345EDF0070,decrescente,DF-345,PAV,True,9.6,3189.0,60.0,75.0,False,1,1400,False,,,,,,460.8
211,275,353EDF0010,crescente,DF-353,IMP,False,2.8,48.0,,50.0,True,1,600,False,,,,,,201.59999999999997
275,211,353EDF0010,decrescente,DF-353,IMP,False,2.8,48.0,,50.0,True,1,600,False,,,,,,201.59999999999997
275,276,353EDF0030,crescente,DF-353,IMP,False,7.0,48.0,,51.0,True,1,600,False,,,,,,494.1176470588236
276,275,353EDF0030,decrescente,DF-353,IMP,False,7.0,48.0,,51.0,True,1,600,False,,,,,,494.1176470588236
276,277,353EDF0050,crescente,DF-353,IMP,False,3.0,48.0,,51.0,True,1,600,False,,,,,,211.76470588235293
277,276,353EDF0050,decrescente,DF-353,IMP,False,3.0,48.0,,51.0,True,1,600,False,,,,,,211.76470588235293
277,278,353EDF0070,crescente,DF-353,IMP,False,1.2,48.0,,50.0,True,1,600,False,,,,,,86.4
278,277,353EDF0070,decrescente,DF-353,IMP,False,1.2,48.0,,50.0,True,1,600,False,,,,,,86.4
278,207,353EDF0090,crescente,DF-353,IMP,False,2.7,48.0,,50.0,True,1,600,False,,,,,,194.40000000000003
207,278,353EDF0090,decrescente,DF-353,IMP,False,2.7,48.0,,50.0,True,1,600,False,,,,,,194.40000000000003
152,119,355EDF0010,crescente,DF-355,PAV,True,6.9,632.0,,70.0,True,1,1400,False,,,,,,354.8571428571429
119,152,355EDF0010,decrescente,DF-355,PAV,True,6.9,632.0,,70.0,True,1,1400,False,,,,,,354.8571428571429
119,279,355EDF0030,crescente,DF-355,PAV,True,4.5,284.0,,,False,1,1400,False,,,,,,
279,119,355EDF0030,decrescente,DF-355,PAV,True,4.5,284.0,,,False,1,1400,False,,,,,,
279,259,355EDF0050,crescente,DF-355,PAV,True,8.0,284.0,,,False,1,1400,False,,,,,,
259,279,355EDF0050,decrescente,DF-355,PAV,True,8.0,284.0,,,False,1,1400,False,,,,,,
259,253,355EDF0070,crescente,DF-355,PAV,True,1.5,546.0,,86.0,True,1,1400,False,,,,,,62.7906976744186
253,259,355EDF0070,decrescente,DF-355,PAV,True,1.5,546.0,,86.0,True,1,1400,False,,,,,,62.7906976744186
280,281,405EDF0010,crescente,DF-405,IMP,False,2.8,392.0,,58.0,True,1,600,False,,,,,,173.79310344827587
281,280,405EDF0010,decrescente,DF-405,IMP,False,2.8,392.0,,58.0,True,1,600,False,,,,,,173.79310344827587
281,282,405EDF0030,crescente,DF-405,IMP,False,1.0,392.0,,58.0,True,1,600,False,,,,,,62.06896551724138
282,281,405EDF0030,decrescente,DF-405,IMP,False,1.0,392.0,,58.0,True,1,600,False,,,,,,62.06896551724138
282,193,405EDF0050,crescente,DF-405,IMP,False,3.4,178.0,,58.0,True,1,600,False,,,,,,211.0344827586207
193,282,405EDF0050,decrescente,DF-405,IMP,False,3.4,178.0,,58.0,True,1,600,False,,,,,,211.0344827586207
283,284,410EDF0010,crescente,DF-410,IMP,False,4.4,464.0,,64.0,True,1,600,False,,,,,,247.50000000000003
284,283,410EDF0010,decrescente,DF-410,IMP,False,4.4,464.0,,64.0,True,1,600,False,,,,,,247.50000000000003
284,285,410EDF0030,crescente,DF-410,IMP,False,0.8,464.0,,63.0,False,1,600,False,,,,,,45.714285714285715
285,284,410EDF0030,decrescente,DF-410,IMP,False,0.8,464.0,,63.0,False,1,600,False,,,,,,45.714285714285715
285,205,410EDF0050,crescente,DF-410,IMP,False,1.8,464.0,,64.0,True,1,600,False,,,,,,101.25
205,285,410EDF0050,decrescente,DF-410,IMP,False,1.8,464.0,,64.0,True,1,600,False,,,,,,101.25
286,287,415EDF0010,crescente,DF-415,IMP,False,6.6,192.0,,47.0,True,1,600,False,,,,,,505.53191489361694
287,286,415EDF0010,decrescente,DF-415,IMP,False,6.6,192.0,,47.0,True,1,600,False,,,,,,505.53191489361694
287,288,415EDF0030,crescente,DF-415,IMP,False,2.5,749.0,,71.0,True,1,600,False,,,,,,126.7605633802817
288,287,415EDF0030,decrescente,DF-415,IMP,False,2.5,749.0,,71.0,True,1,600,False,,,,,,126.7605633802817
289,290,430EDF0010,crescente,DF-430,PAV,True,5.5,4485.0,60.0,61.0,True,1,1400,False,,,,,,324.59016393442624
290,289,430EDF0010,decrescente,DF-430,PAV,True,5.5,4485.0,60.0,61.0,True,1,1400,False,,,,,,324.59016393442624
290,291,430EDF0030,crescente,DF-430,PAV,True,0.2,6114.0,60.0,61.0,True,1,1400,False,,,,,,11.80327868852459
291,290,430EDF0030,decrescente,DF-430,PAV,True,0.2,6114.0,60.0,61.0,True,1,1400,False,,,,,,11.80327868852459
291,292,430EDF0050,crescente,DF-430,PAV,True,3.2,6114.0,60.0,59.0,False,1,1400,False,,,,,,195.2542372881356
292,291,430EDF0050,decrescente,DF-430,PAV,True,3.2,6114.0,60.0,59.0,False,1,1400,False,,,,,,195.2542372881356
292,27,430EDF0070,crescente,DF-430,PAV,True,2.4,6114.0,60.0,61.0,True,1,1400,False,,,,,,141.63934426229508
27,292,430EDF0070,decrescente,DF-430,PAV,True,2.4,6114.0,60.0,61.0,True,1,1400,False,,,,,,141.63934426229508
293,294,435EDF0010,crescente,DF-435,PAV,True,1.2,1270.0,,57.0,False,1,1400,False,,,,,,75.78947368421052
294,293,435EDF0010,decrescente,DF-435,PAV,True,1.2,1270.0,,57.0,False,1,1400,False,,,,,,75.78947368421052
294,295,435EDF0030,crescente,DF-435,PAV,True,3.0,1270.0,,53.0,False,1,1400,False,,,,,,203.77358490566039
295,294,435EDF0030,decrescente,DF-435,PAV,True,3.0,1270.0,,53.0,False,1,1400,False,,,,,,203.77358490566039
296,26,435EDF0070,crescente,DF-435,IMP,False,4.0,82.0,,63.0,True,1,600,False,,,,,,228.57142857142856
26,296,435EDF0070,decrescente,DF-435,IMP,False,4.0,82.0,,63.0,True,1,600,False,,,,,,228.57142857142856
297,298,440EDF0010,crescente,DF-440,PAV,True,1.0,13682.0,,67.0,True,1,1400,False,,,,,,53.73134328358209
298,297,440EDF0010,decrescente,DF-440,PAV,True,1.0,13682.0,,67.0,True,1,1400,False,,,,,,53.73134328358209
298,299,440EDF0012,crescente,DF-440,PAV,True,1.0,13682.0,,64.0,True,1,1400,False,,,,,,56.25
299,298,440EDF0012,decrescente,DF-440,PAV,True,1.0,13682.0,,64.0,True,1,1400,False,,,,,,56.25
299,300,440EDF0030,crescente,DF-440,PAV,True,7.0,112.0,,64.0,True,1,1400,False,,,,,,393.75
300,299,440EDF0030,decrescente,DF-440,PAV,True,7.0,112.0,,64.0,True,1,1400,False,,,,,,393.75
300,301,440EDF0050,crescente,DF-440,PAV,True,4.4,112.0,,67.0,True,1,1400,False,,,,,,236.41791044776124
301,300,440EDF0050,decrescente,DF-440,PAV,True,4.4,112.0,,67.0,True,1,1400,False,,,,,,236.41791044776124
302,303,440EDF0070,crescente,DF-440,PAV,True,4.5,3274.0,,62.0,True,1,1400,False,,,,,,261.2903225806452
303,302,440EDF0070,decrescente,DF-440,PAV,True,4.5,3274.0,,62.0,True,1,1400,False,,,,,,261.2903225806452
304,266,440EDF0090,crescente,DF-440,PAV,True,5.4,3274.0,,63.0,False,1,1400,False,,,,,,308.57142857142856
266,304,440EDF0090,decrescente,DF-440,PAV,True,5.4,3274.0,,63.0,False,1,1400,False,,,,,,308.57142857142856
266,305,440EDF0110,crescente,DF-440,PAV,True,3.5,10363.0,,62.0,True,1,1400,False,,,,,,203.2258064516129
305,266,440EDF0110,decrescente,DF-440,PAV,True,3.5,10363.0,,62.0,True,1,1400,False,,,,,,203.2258064516129
298,1,442EDF0010,crescente,DF-442,PAV,True,0.5,13555.0,,57.0,False,1,1400,False,,,,,,31.57894736842105
1,298,442EDF0010,decrescente,DF-442,PAV,True,0.5,13555.0,,57.0,False,1,1400,False,,,,,,31.57894736842105
171,295,445EDF0010,crescente,DF-445,PAV,True,2.9,2050.0,,60.0,True,1,1400,False,,,,,,174.0
295,171,445EDF0010,decrescente,DF-445,PAV,True,2.9,2050.0,,60.0,True,1,1400,False,,,,,,174.0
295,291,445EDF0030,crescente,DF-445,PAV,True,5.3,2050.0,,60.0,True,1,1400,False,,,,,,318.0
291,295,445EDF0030,decrescente,DF-445,PAV,True,5.3,2050.0,,60.0,True,1,1400,False,,,,,,318.0
290,306,445EDF0070,crescente,DF-445,IMP,False,1.8,557.0,,47.0,True,1,600,False,,,,,,137.87234042553192
306,290,445EDF0070,decrescente,DF-445,IMP,False,1.8,557.0,,47.0,True,1,600,False,,,,,,137.87234042553192
306,287,445EDF0090,crescente,DF-445,IMP,False,2.2,557.0,,47.0,True,1,600,False,,,,,,168.51063829787236
287,306,445EDF0090,decrescente,DF-445,IMP,False,2.2,557.0,,47.0,True,1,600,False,,,,,,168.51063829787236
287,200,445EDF0110,crescente,DF-445,IMP,False,3.2,557.0,,49.0,False,1,600,False,,,,,,235.10204081632656
200,287,445EDF0110,decrescente,DF-445,IMP,False,3.2,557.0,,49.0,False,1,600,False,,,,,,235.10204081632656
307,308,451EDF0010,crescente,DF-451,DUP,True,1.0,4661.0,40.0,50.0,True,2,3600,False,,,,,,72.0
308,307,451EDF0010,decrescente,DF-451,DUP,True,1.0,4661.0,40.0,50.0,True,2,3600,False,,,,,,72.0
308,309,451EDF0020,crescente,DF-451,PAV,True,1.5,4874.0,40.0,50.0,True,1,1400,False,,,,,,108.0
309,308,451EDF0020,decrescente,DF-451,PAV,True,1.5,4874.0,40.0,50.0,True,1,1400,False,,,,,,108.0
309,310,451EDF0030,crescente,DF-451,PAV,True,3.6,,40.0,50.0,True,1,1400,False,,,,,,259.20000000000005
310,309,451EDF0030,decrescente,DF-451,PAV,True,3.6,,40.0,50.0,True,1,1400,False,,,,,,259.20000000000005
149,311,455EDF0010,crescente,DF-455,IMP,False,5.7,125.0,,70.0,True,1,600,False,,,,,,293.14285714285717
311,149,455EDF0010,decrescente,DF-455,IMP,False,5.7,125.0,,70.0,True,1,600,False,,,,,,293.14285714285717
311,118,455EDF0030,crescente,DF-455,IMP,False,4.3,125.0,,70.0,True,1,600,False,,,,,,221.1428571428571
118,311,455EDF0030,decrescente,DF-455,IMP,False,4.3,125.0,,70.0,True,1,600,False,,,,,,221.1428571428571
5,208,456EDF0010,crescente,DF-456,DUP,True,5.6,,,60.0,True,2,3600,False,,,,,,335.99999999999994
208,5,456EDF0010,decrescente,DF-456,DUP,True,5.6,,,60.0,True,2,3600,False,,,,,,335.99999999999994
312,313,459EDF0010,crescente,DF-459,DUP,True,2.6,29624.0,70.0,41.0,False,2,3600,True,1234.5,0.34291666666666665,1587.5,0.4409722222222222,,228.29268292682926
313,312,459EDF0010,decrescente,DF-459,DUP,True,2.6,29624.0,70.0,41.0,False,2,3600,False,,,,,,228.29268292682926
11,314,463EDF0010,crescente,DF-463,DUP,True,3.9,25116.0,70.0,45.0,False,2,3600,True,2458.0,0.6827777777777778,5957.5,1.6548611111111111,,312.0
314,11,463EDF0010,decrescente,DF-463,DUP,True,3.9,25116.0,70.0,45.0,False,2,3600,True,1280.5,0.3556944444444444,635.0,0.1763888888888889,,312.0
12,315,465EDF0010,crescente,DF-465,PAV,True,4.3,2360.0,,87.0,True,1,1400,False,,,,,,177.9310344827586
315,12,465EDF0010,decrescente,DF-465,PAV,True,4.3,2360.0,,87.0,True,1,1400,False,,,,,,177.9310344827586
316,317,473EDF0010,crescente,DF-473,PAV,True,3.0,4975.0,,45.0,False,1,1400,False,,,,,,240.0
317,316,473EDF0010,decrescente,DF-473,PAV,True,3.0,4975.0,,45.0,False,1,1400,False,,,,,,240.0
318,319,475EDF0010,crescente,DF-475,PAV,True,2.3,21366.0,60.0,54.0,True,1,1400,False,,,,,,153.33333333333334
319,318,475EDF0010,decrescente,DF-475,PAV,True,2.3,21366.0,60.0,54.0,True,1,1400,False,,,,,,153.33333333333334
319,320,475EDF0030,crescente,DF-475,PAV,True,4.0,21366.0,60.0,55.0,False,1,1400,False,,,,,,261.8181818181818
320,319,475EDF0030,decrescente,DF-475,PAV,True,4.0,21366.0,60.0,55.0,False,1,1400,False,,,,,,261.8181818181818
320,17,475EDF0050,crescente,DF-475,PAV,True,1.1,25577.0,60.0,54.0,True,1,1400,False,,,,,,73.33333333333334
17,320,475EDF0050,decrescente,DF-475,PAV,True,1.1,25577.0,60.0,54.0,True,1,1400,False,,,,,,73.33333333333334
321,322,480EDF0010,crescente,DF-480,DUP,True,1.9,38888.0,80.0,78.0,True,2,3600,True,2235.0,0.6208333333333333,1306.0,0.36277777777777775,,87.6923076923077
322,321,480EDF0010,decrescente,DF-480,DUP,True,1.9,38888.0,80.0,78.0,True,2,3600,True,1183.0,0.32861111111111113,1518.0,0.4216666666666667,,87.6923076923077
322,16,480EDF0030,crescente,DF-480,DUP,True,3.4,43414.0,80.0,72.0,False,2,3600,True,2330.0,0.6472222222222223,1505.0,0.41805555555555557,,170.0
16,322,480EDF0030,decrescente,DF-480,DUP,True,3.4,43414.0,80.0,72.0,False,2,3600,True,1728.0,0.48,2424.0,0.6733333333333333,,170.0
323,324,483EDF0010,crescente,DF-483,DUP,True,1.2,17168.0,70.0,60.0,False,2,3600,True,482.0,0.1338888888888889,767.0,0.21305555555555555,,72.0
324,323,483EDF0010,decrescente,DF-483,DUP,True,1.2,17168.0,70.0,60.0,False,2,3600,False,,,,,,72.0
324,325,483EDF0030,crescente,DF-483,DUP,True,3.2,16619.0,70.0,52.0,False,2,3600,True,830.0,0.23055555555555557,1739.0,0.48305555555555557,,221.53846153846155
325,324,483EDF0030,decrescente,DF-483,DUP,True,3.2,16619.0,70.0,52.0,False,2,3600,True,2206.0,0.6127777777777778,1705.0,0.4736111111111111,,221.53846153846155
326,327,495EDF0010,crescente,DF-495,PAV,True,2.9,1824.0,60.0,67.0,False,1,1400,False,,,,,,155.82089552238804
327,326,495EDF0010,decrescente,DF-495,PAV,True,2.9,1824.0,60.0,67.0,False,1,1400,False,,,,,,155.82089552238804
327,328,495EDF0030,crescente,DF-495,PAV,True,7.0,1824.0,60.0,70.0,False,1,1400,False,,,,,,360.0
328,327,495EDF0030,decrescente,DF-495,PAV,True,7.0,1824.0,60.0,70.0,False,1,1400,False,,,,,,360.0
21,83,001EDF0370,crescente,DF-001,DUP,True,2.8,52590.0,60.0,65.0,False,2,3600,False,,,,,,155.07692307692307
83,21,001EDF0370,decrescente,DF-001,DUP,True,2.8,52590.0,60.0,65.0,False,2,3600,True,1981.0,0.5502777777777778,2417.0,0.6713888888888889,,155.07692307692307
83,22,001EDF0390,crescente,DF-001,DUP,True,5.7,42104.0,60.0,52.0,True,2,3600,True,2108.0,0.5855555555555556,1997.5,0.5548611111111111,,394.6153846153846
22,83,001EDF0390,decrescente,DF-001,DUP,True,5.7,42104.0,60.0,52.0,True,2,3600,True,2668.0,0.7411111111111112,2867.0,0.7963888888888889,,394.6153846153846
134,133,125EDF0110,crescente,DF-125,PAV,True,2.0,615.0,,80.0,True,1,1400,False,,,,,,90.0
133,134,125EDF0110,decrescente,DF-125,PAV,True,2.0,615.0,,80.0,True,1,1400,False,,,,,,90.0
4,208,250EDF0010,crescente,DF-250,DUP,True,5.55,22114.0,60.0,62.0,True,2,3600,False,,,,,,322.258064516129
208,4,250EDF0010,decrescente,DF-250,DUP,True,5.55,22114.0,60.0,62.0,True,2,3600,False,,,,,,322.258064516129
209,148,250EDF0030,crescente,DF-250,PAV,True,4.8,8055.0,60.0,62.0,True,1,1400,False,,,,,,278.7096774193549
148,209,250EDF0030,decrescente,DF-250,PAV,True,4.8,8055.0,60.0,62.0,True,1,1400,False,,,,,,278.7096774193549
211,212,250EDF0070,crescente,DF-250,PAV,True,0.8,2124.0,60.0,86.0,True,1,1400,False,,,,,,33.48837209302326
212,211,250EDF0070,decrescente,DF-250,PAV,True,0.8,2124.0,60.0,86.0,True,1,1400,False,,,,,,33.48837209302326
215,116,250EDF0130,crescente,DF-250,PAV,True,2.7,2115.0,60.0,86.0,True,1,1400,False,,,,,,113.0232558139535
116,215,250EDF0130,decrescente,DF-250,PAV,True,2.7,2115.0,60.0,86.0,True,1,1400,False,,,,,,113.0232558139535
94,218,250EDF0250,crescente,DF-250,IMP,False,4.0,311.0,60.0,70.0,True,1,600,False,,,,,,205.7142857142857
218,94,250EDF0250,decrescente,DF-250,IMP,False,4.0,311.0,60.0,70.0,True,1,600,False,,,,,,205.7142857142857
125,124,270EDF0070,crescente,DF-270,IMP,False,1.95,531.0,,80.0,True,1,600,False,,,,,,87.75
124,125,270EDF0070,decrescente,DF-270,IMP,False,1.95,531.0,,80.0,True,1,600,False,,,,,,87.75
