codigo,snv_rodovia,situacao,extensao_km,extensao_geom_km,decisao,motivo,TRECHO-INÍCIO,TRECHO-FINAL
001EDF0010,DF-001,PAV,2.8,2.8467281653570757,manter,,ENTR. BR-010/020/ 030/DF-003/150 (PARQUE ROD. DER- DF),ENTR. DF-442
001EDF0012,DF-001,PAV,3.3,3.3885010652805767,manter,,ENTR. DF-442,ENTR. DF-008 (EPUB)
001EDF0020,DF-001,PAV,2.8,2.927701912822999,manter,,ENTR. DF-008 (EPUB),ENTR. VC-263
001EDF0030,DF-001,PAV,3.7,3.68488378132998,manter,,ENTR. VC-263,ENTR.BR-479/ DF-015/DF-250
001EDF0050,DF-001,PAV,2.0,2.055930806880491,manter,,ENTR. BR-479/ DF-015/DF-250,ENTR. DF-456
001EDF0052,DF-001,PAV,2.4,2.350782376556,manter,,ENTR. DF-456,ENTR. DF-005 (EPPR)
001EDF0070,DF-001,PAV,0.9,0.9606809406689573,manter,,ENTR. DF-005 (EPPR),ENTR. DF-025(A) /BARRAGEM DO PARANOÁ
001EDF0090,DF-001,PAV,1.9,1.9440906558278892,manter,,ENTR. DF-025(A) /BARRAGEM DO PARANOÁ,ENTR. DF-025(B) (EPDB)
001EDF0110,DF-001,DUP,5.6,5.728266924366438,manter,,ENTR. DF-025(B) (EPDB),ENTR. DF-027 (EPJK)
001EDF0116,DF-001,DUP,1.8,1.7584265871907312,manter,,ENTR. DF-027 (EPJK),ENTR. DF-035 (EPCV)
001EDF0130,DF-001,DUP,2.4,2.4245633323367,manter,,ENTR. DF-035 (EPCV),ENTR. DF-463
001EDF0150,DF-001,DUP,1.6,1.6312885487394566,manter,,ENTR. DF-463,ENTR. DF-465
001EDF0170,DF-001,DUP,3.5,3.5103670620211203,manter,,ENTR. DF-465,ENTR. DF-140
001EDF0190,DF-001,PAV,3.6,3.63607323961801,manter,,ENTR. DF-140,ENTR. BR-251(A)
001EDF0250,DF-001,DUP,3.8,3.942165748916286,manter,,ENTR. BR-040/050/ DF-003 (EPIA),E N T R . D F - 0 6 5 (EPIP)/ DF-480
001EDF0270,DF-001,DUP,3.0,3.0228435264593565,manter,,ENTR. DF-065 (EPIP)/ DF-480,ENTR. DF-475
001EDF0290,DF-001,DUP,1.9,1.6588381626391546,manter,,ENTR. DF-475,ENTR. VC-331
001EDF0310,DF-001,DUP,3.4,3.650512436304306,manter,,ENT. VC-331,ACESSO AO RECANTO DAS EMAS
001EDF0330,DF-001,DUP,2.2,2.1351157843627373,manter,,ACESSO AO RECANTO DAS EMAS,ENTR. BR-060 / ACESSO I A SAMAMBAIA
001EDF0350,DF-001,DUP,1.0,1.0996844186020713,manter,,ENTR. BR-060 / ACESSO I A SAMAMBAIA,ACESSO II A SAMAMBAIA / 3º DR
001EDF0410,DF-001,DUP,4.5,4.746929060306242,manter,,ENTR. DF-085 (EPTG)/ TAGUATINGA,ENTR. BR-070/ DF-095 (EPCL)
001EDF0430,DF-001,DUP,4.4,4.484099690435024,manter,,ENTR. BR-070/ DF-095(EPCL),ENTR. DF-097 (EPAC)
001EDF0450,DF-001,DUP,3.9,3.8616617711540093,manter,,ENTR. DF-097 (EPAC),ENTR. BR-080/251(B)
001EDF0470,DF-001,PAV,4.5,4.981737712655689,manter,,ENTR. BR-080/251(B),ENTR. DF-435
001EDF0490,DF-001,PAV,2.2,2.218698998609272,manter,,ENTR. DF-435,ENTR. DF-430
001EDF0510,DF-001,PAV,3.7,3.8859593875764284,manter,,ENTR. DF-430,ENTR. DF-415
001EDF0550,DF-001,PAV,3.0,2.8697283907059283,manter,,ENTR. DF-415,ENTR. DF-220
001EDF0570,DF-001,IMP,7.1,7.302538224211905,manter,nao pavimentado: fora da analise de trafego,ENTR. DF-220,ENTR. DF-170 ENTR. BR-010/020/
001EDF0590,DF-001,PAV,21.3,21.844886085801722,manter,,ENTR. DF-170,ENTR. BR-010/020/ 030/DF-003/DF-150 (PARQUE RODOVIÁRIO DO DER-DF)
002EDF0010,DF-002,DUP,7.2,7.216488218026538,manter,,ENTR. DF-007(EPTT) PONTE DO BRAGHETTO,DER-DF) RODOVIÁRIA DE BRASÍLIA
002EDF0030,DF-002,DUP,6.6,6.923986109118437,manter,,RODOVIÁRIA DE BRASÍLIA,ENTR. DF-047 (TREVO DE TRIAGEM SUL)
003EDF0010,DF-003,DUP,5.2,5.3517140155691445,manter,,ENTR. BR- 010/020/030/DF-001/DF- 150 (PARQUE ROD. DER-DF),ENTR. DF-007(EPTT) (GRANJA DO TORTO)
003EDF0030,DF-003,DUP,1.5,1.50294672281411,manter,,ENTR. DF-007 (EPTT)/ GRANJA DO TORTO,ENTR. DF-009 (EPPN)
003EDF0050,DF-003,DUP,1.9,1.9820689166293994,manter,,ENTR. DF-009 (EPPN),ACESSO A ASA NORTE
003EDF0070,DF-003,DUP,2.3,2.3610272222703568,manter,,ACESSO A ASA NORTE,ENTR. DF-010 (EPAA) (ACESSO AO SAIN / SMU)
003EDF0090,DF-003,DUP,2.4,2.528674515465543,manter,,ENTR. DF-010 (EPAA) (ACESSO AO SAIN / SMU),ENTR. EIXO MONUMENTAL
003EDF0110,DF-003,DUP,1.1,0.9977676547435949,manter,,ENTR. EIXO MONUMENTAL,ENTR. DF-095 (EPCL)
003EDF0130,DF-003,DUP,2.8,2.811291757509621,manter,,ENTR. DF-095 (EPCL),ENTR. DF-085 (EPTG)
003EDF0150,DF-003,DUP,2.0,2.039042015982447,manter,,ENTR. DF-085 (EPTG),ENTR. DF-081 (EPIB)
003EDF0152,DF-003,DUP,1.5,1.3977576520374828,manter,,ENTR. DF-081 (EPIB),ENTR. DF-051 (EPGU)
003EDF0170,DF-003,DUP,2.4,2.420930832888128,manter,,ENTR. DF-051 (EPGU),ENTR. DF-075 (EPNB)
003EDF0190,DF-003,DUP,1.4,1.4097051422131548,manter,,ENTR. DF-075 (EPNB),ENTR. DF-025 (EPDB)
003EDF0210,DF-003,DUP,0.4,0.8805843691481174,manter,ALERTA: geometria 2.20x a extensao declarada,ENTR. DF-025 (EPDB),ENTR. DF-055 (EPVB)
003EDF0230,DF-003,DUP,8.7,8.248135716635135,manter,,ENTR. DF-055 (EPVB),ENTR. DF-065 (EPIP)
003EDF0250,DF-003,DUP,3.3,3.3590707172151126,manter,,ENTR. DF-065 (EPIP),ENTR. BR- 040/050/251/ DF-001 (EPCT)
004EDF0010,DF-004,DUP,0.9,0.9583990701766993,manter,,ENTR. DF-002 (ERN) PONTE DO BRAGHETTO,ENTR. VIA L2
004EDF0030,DF-004,DUP,3.6,3.4738294805704406,manter,,ENTR. VIA L2,ENTR. DF-008 (EPUB)
004EDF0050,DF-004,DUP,1.9,1.9645692813464122,manter,,ENTR. DF-008 (EPUB),ACESSO À UnB
004EDF0070,DF-004,DUP,1.9,1.9287314114243341,manter,,ACESSO À UnB,ACESSO À VILA PLANALTO
004EDF0090,DF-004,DUP,1.5,1.5903134769711635,manter,,ACESSO À VILA PLANALTO,ENTR. EIXO MONUMENTAL
004EDF0110,DF-004,DUP,0.4,0.3984986599801335,manter,,ENTR. EIXO MONUMENTAL,ACESSO À PONTE JK
004EDF0130,DF-004,DUP,3.1,3.4555342566732037,manter,,ACESSO À PONTE JK,ACESSO À PONTE HONESTINO GUIMARÃES
004EDF0150,DF-004,DUP,2.8,2.9350694653366953,manter,,ACESSO À PONTE HONESTINO GUIMARÃES,ACESSO À PONTE PRESIDENTE MEDICI
004EDF0170,DF-004,DUP,3.7,3.748099460120857,manter,,ACESSO À PONTE PRESIDENTE MEDICI,ENTR. DF-047(EPAR)/ DF-051(EPGU)
005EDF0010,DF-005,DUP,0.8,0.798932492702968,manter,,ENTR. DF-009 (EPPN),ENTR. DF-006 (EPCA)
005EDF0012,DF-005,DUP,2.2,2.3608352385459863,manter,,ENTR. DF-006 (EPCA),ENTR. DF-442
005EDF0014,DF-005,DUP,7.4,7.5360040585632015,manter,,ENTR. DF-442,ENTR. DF-015 (EPTM)
005EDF0030,DF-005,PAV,7.6,7.687030350099963,manter,,ENTR. DF-015 (EPTM),ENTR. DF-001 (EPCT) / BARRAGEM PARANOÁ
006EDF0010,DF-006,DUP,2.1,2.311323392231086,manter,,ENTR. DF-007 (EPTT),ENTR. DF-005 (EPPR)
007EDF0010,DF-007,DUP,0.8,0.7967591564716228,manter,,ENTR. DF-003 (EPIA)/ GRANJA DO TORTO,ENTR. DF-006 (EPCA)
007EDF0012,DF-007,DUP,0.5,0.5263713066020981,manter,,ENTR. DF-006 (EPCA),ENTR. DF-009 (EPPN)
007EDF0030,DF-007,DUP,0.8,0.8111060847237496,manter,,ENTR. DF-009 (EPPN),ENTR. DF-002 (PONTE DO BRAGHETTO)
008EDF0010,DF-008,PLA,3.8,5.254925842805392,remover,"trecho planejado, nao existe fisicamente",ENTR. DF-001 (EPCT),ENTR. DF-005 (EPPR)
008EDF0030,DF-008,PLA,1.8,2.21748588070402,remover,"trecho planejado, nao existe fisicamente",ENTR. DF-005 (EPPR),ENTR. DF-009 (EPPN)
008EDF0050,DF-008,PLA,2.0,2.3905632345746977,remover,"trecho planejado, nao existe fisicamente",ENTR. DF-009 (EPPN),ENTR. DF-004 (EPNA)
009EDF0010,DF-009,PAV,1.2,1.24270478501861,manter,,ENTR. DF-003 (EPIA),ENTR DF-007 (EPTT)
009EDF0030,DF-009,DUP,1.4,1.3799773434075508,manter,,ENTR DF-007 (EPTT),ENTR. DF-005 (EPPR)
009EDF0050,DF-009,DUP,8.1,8.355873282707844,manter,,ENTR. DF-005 (EPPR),CLUBE DO CONGRESSO
010EDF0010,DF-010,DUP,1.5,1.4642449433755793,manter,,ENTR. EIXO MONUMENTAL,ACESSO AO AUTÓDROMO
010EDF0030,DF-010,DUP,1.9,1.9033641023726453,manter,,ACESSO AO AUTÓDROMO,ACESSO AO SMU
010EDF0050,DF-010,DUP,0.7,0.6671924784373325,manter,,ACESSO AO SMU,ENTR. DF-003 (EPIA)
010EDF0070,DF-010,PAV,2.7,2.625485730990585,manter,,ENTR. DF-003 (EPIA),INÍCIO DE TRECHO DUPLICADO (km. 6.8)
010EDF0090,DF-010,DUP,1.0,1.1341977607373046,manter,,INÍCIO DE TRECHO DUPLICADO (km. 6.8),8.0
010EDF0110,DF-010,PAV,1.0,0.9609419621156534,manter,,FIM DE TRECHO DUPLICADO (km. 8.0),9.0
010EDF0130,DF-010,EOD,2.57,2.569234499296533,manter,extensao declarada zero/ausente: usada a da geometria,INÍCIO DE TRECHO IMPLANTADO (km. 9.0),0.3
011EDF0010,DF-011,DUP,1.4,1.1441613769473715,manter,,ENTR. DF-003 (EPIA)/DF-085 (EPTG),ACESSO AO SETOR POLICIAL SUL
011EDF0030,DF-011,DUP,1.2,1.172389825070723,manter,,ACESSO AO SETOR POLICIAL SUL,ENTRADA DO PARQUE DA CIDADE- SUDOESTE
011EDF0050,DF-011,DUP,3.3,3.2984104433067536,manter,,ENTRADA DO PARQUE DA CIDADE- SUDOESTE,ENTR. EIXO MONUMENTAL
015EDF0010,DF-015,PAV,3.9,4.072592304448489,manter,,ENTR. DF-005 (EPPR),ENTR. BR-479/ DF-001 (EPCT)/DF- 250
025EDF0010,DF-025,DUP,3.0,3.072222199807038,manter,,ENTR. DF-003 (EPIA),ENTR. DF-047 (EPAR)
025EDF0030,DF-025,DUP,4.8,4.738981135050317,manter,,ENTR. DF-047 (EPAR),ACESSO À PONTE PRESIDENTE MEDICI
025EDF0050,DF-025,DUP,3.2,3.4548839212314406,manter,,ACESSO À PONTE PRESIDENTE MEDICI,ACESSO À PONTE HONESTINO GUIMARÃES
025EDF0070,DF-025,DUP,7.2,7.371799394242865,manter,,ACESSO À PONTE HONESTINO GUIMARÃES,ENTR. DF-035 (EPCV)
025EDF0090,DF-025,DUP,3.1,3.207858559454818,manter,,ENTR. DF-035 (EPCV),ENTR. DF-027 (EPJK)
025EDF0100,DF-025,DUP,4.6,4.624467017755677,manter,,ENTR. DF-027 (EPJK),ENTR. DF-001(A) (EPCT)
027EDF0010,DF-027,DUP,1.8,2.055223405741257,manter,,ENTR. DF-025 (EPDB)/ ACESSO À PONTE JK,ENTR. DF-001 (EPCT)
035EDF0010,DF-035,DUP,4.2,4.330662456835195,manter,,ENTR. DF-025 (EPDB),ENTR. DF-001 (EPCT)
047EDF0010,DF-047,DUP,0.8,0.891823219471313,manter,,AEROPORTO INTERNACIONAL DE BRASÍLIA,ENTR. DF-025 (EPDB)
047EDF0030,DF-047,DUP,1.8,1.8226140089942746,manter,,ENTR. DF-025 (EPDB),ENTR. DF-051 (EPGU)/ DF-004 (EPNA)
047EDF0050,DF-047,DUP,1.2,1.2095170253975789,manter,,ENTR. DF-051 (EPGU)/ DF-004 (EPNA),ENTR. DF-002 (ERS) (TREVO DE TRIAGEM SUL)
051EDF0010,DF-051,DUP,2.4,2.4976467564273337,manter,,ENTR. DF-047 (EPAR),ENTR. DF-003 (EPIA)
051EDF0030,DF-051,DUP,1.5,1.5805126646359624,manter,,ENTR. DF-003 (EPIA),ACESSO AO GUARÁ II
055EDF0010,DF-055,PAV,2.0,8.912629536414924,manter,ALERTA: geometria 4.46x a extensao declarada,ENTR. DF-003 (EPIA),VARGEM BONITA (km. 7.2)
065EDF0010,DF-065,DUP,4.0,4.042892938062719,manter,,ENTR. DF-003 (EPIA),ENTR. BR-251/ DF-001 (EPCT)/DF- 480
075EDF0010,DF-075,DUP,2.0,2.021822903547892,manter,,ENTR. DF-003 (EPIA),ACESSO AO NÚCLEO BANDEIRANTE
075EDF0030,DF-075,DUP,1.9,1.994462102021164,manter,,ACESSO AO NÚCLEO BANDEIRANTE,ENTR. DF-079 (EPVP)
075EDF0050,DF-075,DUP,4.2,4.284671438344403,manter,,ENTR. DF-079 (EPVP),ENTR. BR-251/ DF-001 (EPCT)
079EDF0010,DF-079,DUP,2.3,2.391500140083957,manter,,ENTR. DF-085 (EPTG),ENTR. DF-081 (EPIB)
079EDF0030,DF-079,DUP,5.9,5.999744942920333,manter,,ENTR. DF-081 (EPIB),ENTR. DF-075 (EPNB)
081EDF0010,DF-081,PLA,6.5,6.474951665156705,remover,"trecho planejado, nao existe fisicamente",ENTR. DF-003 (EPIA),ENTR. DF-079 (EPVP)
085EDF0010,DF-085,DUP,5.8,5.900667368756408,manter,,ENTR. DF-003 (EPIA),ENTR. DF-087 (EPVL)
085EDF0030,DF-085,DUP,1.4,1.5187632584459962,manter,,ENTR. DF-087 (EPVL),ENTR. DF-079 (EPVP)
085EDF0050,DF-085,DUP,5.5,4.549037910196921,manter,,ENTR. DF-079 (EPVP),FIM DO TÚNEL DE TAGUATINGA
087EDF0010,DF-087,DUP,3.1,3.050674679996931,manter,,ENTR. DF-095 (EPCL),ENTR. DF-085 (EPTG)
095EDF0010,DF-095,DUP,3.4,3.4653991080280186,manter,,ENTR. DF-003 (EPIA),ENTR. DF-097 (EPAC)
095EDF0030,DF-095,DUP,3.1,3.1994003055978633,manter,,ENTR. DF-097 (EPAC),ENTR. DF-087 (EPVL)
095EDF0050,DF-095,DUP,6.1,6.316312946827248,manter,,ENTR. DF-087 (EPVL),ENTR. BR- 070/251/ DF-001 (EPCT)
097EDF0010,DF-097,IMP,2.0,1.7936612432563517,manter,nao pavimentado: fora da analise de trafego,ENTR. DF-095 (EPCL),DF-010 (EPAA)
097EDF0030,DF-097,IMP,9.5,9.126599423503789,manter,nao pavimentado: fora da analise de trafego,DF-010 (EPAA),ENTR. BR-251/ DF-001 (EPCT)
100EDF0010,DF-100,PAV,8.5,8.901605599421373,manter,,ENTR. BR-020/BR-030,ENTR. DF-230
100EDF0030,DF-100,PAV,0.5,0.3643058454475557,manter,,ENTR. DF-230,ENTR. VC-141
100EDF0050,DF-100,PAV,3.8,3.67121923944533,manter,,ENTR. VC-141,ENTR. VC-145
100EDF0070,DF-100,PAV,0.2,0.5587700623391052,manter,ALERTA: geometria 2.79x a extensao declarada,ENTR. VC-145,ENTR. VC-143
100EDF0090,DF-100,PAV,3.5,3.2161936415460857,manter,,ENTR. VC-143,ENTR. BR-479/DF-250
100EDF0110,DF-100,IMP,5.3,5.519034070137758,manter,nao pavimentado: fora da analise de trafego,ENTR. BR-479/DF-250,ENTR. VC-169(A)
100EDF0130,DF-100,IMP,0.2,0.5682591722031934,manter,ALERTA: geometria 2.84x a extensao declarada,ENTR. VC-169(A),ENTR. DF-105
100EDF0150,DF-100,IMP,2.0,2.011018927980399,manter,nao pavimentado: fora da analise de trafego,ENTR. DF-105,ENTR. VC-169(B)
100EDF0170,DF-100,IMP,4.1,4.121122257347759,manter,nao pavimentado: fora da analise de trafego,ENTR. VC-169(B),ENTR. DF-310
100EDF0190,DF-100,IMP,3.6,3.6378983881152083,manter,nao pavimentado: fora da analise de trafego,ENTR. DF-310,ENTR. DF-260/DF-320
100EDF0210,DF-100,IMP,4.2,4.137962730427193,manter,nao pavimentado: fora da analise de trafego,ENTR. DF-260/DF-320,ENTR. VC-421
100EDF0230,DF-100,IMP,3.4,3.476823225864271,manter,nao pavimentado: fora da analise de trafego,ENTR. VC-421,ENTR. DF-270
100EDF0250,DF-100,IMP,10.5,11.063100449367083,manter,nao pavimentado: fora da analise de trafego,ENTR. DF-270,ENTR. DF-285
100EDF0270,DF-100,IMP,3.0,3.365612416033465,manter,nao pavimentado: fora da analise de trafego,ENTR. DF-285,ENTR. DF-295/ DIVISA DF/GO
105EDF0010,DF-105,IMP,5.9,6.011553185443607,manter,nao pavimentado: fora da analise de trafego,ENTR. BR-020/030,FIM DO TRECHO IMPLANTADO (km. 5.9)
105EDF0020,DF-105,PLA,3.0,1.1253464160138107,remover,"trecho planejado, nao existe fisicamente",FIM DE TRECHO IMPLANTADO (km. 5.9),2.1
105EDF0030,DF-105,PLA,6.0,5.815537987406548,remover,"trecho planejado, nao existe fisicamente",ENTR. DF-230,ENTR. VC-143
105EDF0050,DF-105,IMP,4.4,4.016683393827913,manter,nao pavimentado: fora da analise de trafego,ENTR. VC-143,ENTR. BR-479(B)/ DF-250(A)
105EDF0090,DF-105,IMP,0.9,1.115503042691583,manter,nao pavimentado: fora da analise de trafego,ENTR. BR-479(A)/ DF-250(B),ENTR. VC-155
105EDF0110,DF-105,IMP,9.1,8.996041783060273,manter,nao pavimentado: fora da analise de trafego,ENTR. VC-155,ENTR. DF-100
110EDF0010,DF-110,IMP,5.5,6.390701286971646,manter,nao pavimentado: fora da analise de trafego,ENTR. DF-205,ENTR. VC-113
110EDF0030,DF-110,IMP,1.2,1.3499414526190172,manter,nao pavimentado: fora da analise de trafego,ENTR. VC-113,ENTR. BR-020/BR-030
110EDF0050,DF-110,IMP,0.9,0.9552414717566109,manter,nao pavimentado: fora da analise de trafego,ENTR. BR-020/BR-030,ENTR. VC-121
110EDF0070,DF-110,IMP,7.4,7.520974000667688,manter,nao pavimentado: fora da analise de trafego,ENTR. VC-121,ENTR. DF-230(A)
110EDF0090,DF-110,IMP,0.5,0.8004591342350028,manter,ALERTA: geometria 1.60x a extensao declarada,ENTR. DF-230(A),ENTR. DF-230(B)
110EDF0110,DF-110,IMP,3.0,2.918171898634571,manter,nao pavimentado: fora da analise de trafego,ENTR. DF-230(B),ENTR. BR-479/DF-250
120EDF0010,DF-120,IMP,11.0,11.56762049013648,manter,nao pavimentado: fora da analise de trafego,ENTR. BR-479/DF-250,ENTR. DF-455
120EDF0030,DF-120,PAV,2.8,2.838533181328802,manter,,ENTR. DF-455,ENTR. DF-355
120EDF0050,DF-120,IMP,1.0,1.4883614092202715,manter,nao pavimentado: fora da analise de trafego,ENTR. DF-355,ENTR. VC-419
120EDF0070,DF-120,IMP,2.9,2.8830747591301065,manter,nao pavimentado: fora da analise de trafego,ENTR. VC-419,ENTR. DF-260(A)
120EDF0110,DF-120,IMP,5.9,6.415928131932191,manter,nao pavimentado: fora da analise de trafego,ENTR. DF-125/DF- 260(B),ENTR. VC-427
120EDF0130,DF-120,IMP,2.1,2.09571000660493,manter,nao pavimentado: fora da analise de trafego,ENTR. VC-427,ENTR. DF-270(A)
120EDF0170,DF-120,IMP,15.1,15.047852718652162,manter,nao pavimentado: fora da analise de trafego,ENTR. DF-270(B),ENTR. DF-285
125EDF0010,DF-125,IMP,2.5,2.491942718250887,manter,nao pavimentado: fora da analise de trafego,ENTR. DF-120/DF-260,INICIO DE TRECHO PLANEJADO (km. 2.5)
125EDF0030,DF-125,PLA,1.0,1.3680670401149466,remover,"trecho planejado, nao existe fisicamente",INICIO DE TRECHO PLANEJADO (km. 2.5),3.5
125EDF0050,DF-125,IMP,5.12,5.115372607198053,manter,extensao declarada zero/ausente: usada a da geometria,FIM DE TRECHO PLANEJADO (km. 3.5),5.5
125EDF0090,DF-125,IMP,2.7,2.636240947205919,manter,nao pavimentado: fora da analise de trafego,ENTR. DF-270(B),CÓRREGO LAMARÃO
125EDF0100,DF-125,PAV,5.2,5.334472672586858,manter,,CÓRREGO LAMARÃO,ENTR. BR-251(A)
125EDF0120,DF-125,PAV,0.6,0.7255758372698063,manter,,ENTR. BR-251(B),FIM DO TRECHO PAVIMENTADO (km. 21.3)
125EDF0130,DF-125,IMP,9.0,5.059102784587206,manter,ALERTA: geometria 0.56x a extensao declarada,FIM DO TRECHO PAVIMENTADO (km. 21.3),2.4
128EDF0010,DF-128,PAV,3.4,3.4099098909202854,manter,,DIVISA GO/DF,ENTR. DF-205
128EDF0030,DF-128,PAV,8.4,8.62575101648083,manter,,ENTR. DF-205,ENTR. DF-131
128EDF0050,DF-128,PAV,2.0,1.9912207983368468,manter,,ENTR. DF-131,ENTR. BR- 010/020/030
128EDF0070,DF-128,PAV,2.5,2.587357071020876,manter,,ENTR. BR-010/020/030,ACESSO A PLANALTINA/ 1º DISTRITO RODOVIÁRIO
128EDF0090,DF-128,PAV,3.0,3.100003142589798,manter,,ACESSO A PLANALTINA/ 1º DISTRITO RODOVIÁRIO,ENTR. DF-230
128EDF0110,DF-128,PAV,2.5,2.4167367986370802,manter,,ENTR. DF-230,ACESSO AO INSTITUTO FEDERAL DE BRASÍLIA
128EDF0130,DF-128,PAV,2.4,2.5388864442611836,manter,,ACESSO AO INSTITUTO FEDERAL DE BRASÍLIA,ENTR. DF-444
128EDF0150,DF-128,EOP,1.6,1.5997066584535429,manter,,ENTR. DF-444,PEDRA FUNDAMENTAL
130EDF0010,DF-130,PAV,2.5,2.605802063079671,manter,,ENTR. DF-230,ACESSO AO VALE DO AMANHECER
130EDF0030,DF-130,PAV,6.7,6.763806975448406,manter,,ACESSO AO VALE DO AMANHECER,ENTR. BR-479/DF-250
130EDF0050,DF-130,PAV,6.6,6.56602509411677,manter,,ENTR. BR-479/DF-250,ENTR. DF-455
130EDF0070,DF-130,PAV,1.8,1.8050643058219957,manter,,ENTR. DF-455,ENTR. VC-411
130EDF0090,DF-130,PAV,2.9,2.9587105558229982,manter,,ENTR. VC-411,ENTR. VC-413
130EDF0110,DF-130,PAV,2.4,2.481602091531741,manter,,ENTR. VC-413,ENTR. DF-355
130EDF0130,DF-130,PAV,2.3,2.3025010045578496,manter,,ENTR. DF-355,ENTR. DF-260
130EDF0150,DF-130,PAV,2.7,2.7493238048103827,manter,,ENTR. DF-260,ENTR. VC-401
130EDF0170,DF-130,PAV,1.6,1.583608162639587,manter,,ENTR. VC-401,ACESSO AO 4º DISTRITO RODOVIÁRIO
130EDF0190,DF-130,PAV,4.6,4.613809524844794,manter,,ACESSO AO 4º DISTRITO RODOVIÁRIO,ENTR. DF-270
130EDF0210,DF-130,PAV,0.5,0.5061097573389287,manter,,ENTR. DF-270,ENTR. BR-251(A)
130EDF0230,DF-130,PAV,3.4,3.396558495401493,manter,,ENTR. BR-251(A),ENTR. BR-251(B)
130EDF0250,DF-130,PAV,9.8,9.761074104969925,manter,,ENTR. BR-251(B),ENTR. DF-295/ DIVISA DF/GO
131EDF0010,DF-131,IMP,3.0,3.2816513938146783,manter,nao pavimentado: fora da analise de trafego,DIVISA GO/DF,ENTR. DF-205
131EDF0030,DF-131,PAV,4.5,4.119229916747859,manter,,ENTR. DF-205,ENTR. DF-335
131EDF0050,DF-131,PAV,1.8,2.1085939949443664,manter,,ENTR. DF-335,ENTR. DF-128
135EDF0010,DF-135,PLA,13.2,14.861575308979171,remover,"trecho planejado, nao existe fisicamente",ENTR. BR-251,ENTR. VC-467
135EDF0030,DF-135,IMP,2.5,2.866004928427006,manter,nao pavimentado: fora da analise de trafego,ENTR. VC-467,DIVISA DF/GO
140EDF0010,DF-140,DUP,1.3,1.3546898186961769,manter,,ENTR. DF-001 (EPCT),ENTR. BR-251
140EDF0030,DF-140,EOD,7.1,7.17078223919975,manter,,ENTR. BR-251,ENTR. VC-467
140EDF0050,DF-140,EOD,6.4,6.399375875586184,manter,,ENTR. VC-467,ENTR. DIVISA DF/GO
150EDF0010,DF-150,DUP,6.9,7.062272537442571,manter,,ENTR. BR-010/ 020/030/DF-001/003 (PARQUE RODOVIÁRIO DO DER-DF),ACESSO A SOBRADINHO II
150EDF0050,DF-150,PAV,6.6,6.822320171630598,manter,,ACESSO A SOBRADINHO II,ENTR. DF-205
180EDF0190,DF-180,PAV,0.9,0.8725154748785982,manter,,ENTR. BR-080(B)/ BR-251(B) /DF-445,ENTR. VC-555
180EDF0210,DF-180,PAV,0.9,0.8733314632344965,manter,,ENTR. VC-555,ENTR. VC-561
180EDF0230,DF-180,PAV,5.8,5.785312566048746,manter,,ENTR. VC-561,ENTR. BR-070(A)
180EDF0250,DF-180,DUP,2.6,2.7289302991724846,manter,,ENTR. BR-070(A),ENTR. BR-070(B)
180EDF0270,DF-180,PAV,4.3,4.485050841297423,manter,,ENTR. BR-070(B),ENTR. DF-190
180EDF0290,DF-180,PAV,6.7,6.665117015118683,manter,,ENTR. DF-190,ENTR. VC-311
180EDF0310,DF-180,PAV,4.8,4.871798644680682,manter,,ENTR. VC-311,ACESSO A SAMAMBAIA
180EDF0330,DF-180,PAV,0.9,1.0194281024113854,manter,,ACESSO A SAMAMBAIA,ENTR. BR-060
180EDF0350,DF-180,PAV,1.4,1.3009207528130189,manter,,ENTR. BR-060,ENTR. VC-337(A)
180EDF0370,DF-180,PAV,6.0,4.676685628680276,manter,,ENTR. VC-337(A),ENTR. VC-337(B)
180EDF0390,DF-180,PAV,3.1,4.529643110656148,manter,,ENTR. VC-337(B),ENTR. VC-351
180EDF0410,DF-180,PAV,2.0,2.0495564934508503,manter,,ENTR. VC-351,ENTR. DF-290
190EDF0010,DF-190,PAV,5.9,6.00886477775412,manter,,ENTR. DF-180,ENTR. VC-321
190EDF0030,DF-190,PAV,10.0,9.99248229928792,manter,,ENTR. VC-321,ENTR. DF-280(A)
190EDF0070,DF-190,PLA,5.8,5.746457819492621,remover,"trecho planejado, nao existe fisicamente",ENTR. DF-280(B),ENTR. BR-060
205EDF0010,DF-205,IMP,1.5,1.7282818146713805,manter,nao pavimentado: fora da analise de trafego,DIVISA GO/DF,ENTR. VC-201(A)
205EDF0030,DF-205,PAV,9.5,12.395894443919719,manter,,ENTR. VC-201(A),INÍCIO DE TRECHO PAVIMENTADO (km. 11)
205EDF0050,DF-205,PAV,5.0,6.119314250623851,manter,,INÍCIO DE TRECHO PAVIMENTADO (km. 11.0),5.8
205EDF0070,DF-205,PAV,2.8,2.721937918580281,manter,,ENTR. DF-150,ENTR. DF-326
205EDF0090,DF-205,PAV,5.9,5.976161041379349,manter,,ENTR. DF-326,ENTR. VC-201(B)
205EDF0110,DF-205,PAV,6.5,5.580338743640858,manter,,ENTR. VC-201(B),FIM DE TRECHO PAVIMENTADO (km. 33.6)
205EDF0130,DF-205,IMP,8.0,11.944360915721013,manter,nao pavimentado: fora da analise de trafego,FIM DE TRECHO PAVIMENTADO (km. 33.6),4.11
205EDF0150,DF-205,PAV,7.1,7.335396673989852,manter,,ENTR. DF-131,ENTR. DF-128
205EDF0170,DF-205,IMP,9.9,10.309996541820134,manter,nao pavimentado: fora da analise de trafego,ENTR. DF-128,ENTR. BR-010/DF-345
205EDF0190,DF-205,IMP,2.1,2.815368362024427,manter,nao pavimentado: fora da analise de trafego,ENTR. BR-010/DF-345,ENTR. DF-405
205EDF0230,DF-205,IMP,4.5,4.6636130697507605,manter,nao pavimentado: fora da analise de trafego,ENTR. VC-103,ENTR. DF-110
205EDF0250,DF-205,IMP,1.9,2.0792195802989784,manter,nao pavimentado: fora da analise de trafego,ENTR. DF-110,ENTR. GO-430
205EDF0270,DF-205,PAV,6.8,6.261559329226955,manter,,ENTR. GO-430,DIVISA DF/GO
206EDF0010,DF-206,IMP,2.9,3.039934343460893,manter,nao pavimentado: fora da analise de trafego,ENTR. BR-080/251,ENTR. VC-505
206EDF0030,DF-206,IMP,5.0,5.156937192473845,manter,nao pavimentado: fora da analise de trafego,ENTR. VC-505,DIVISA DF/GO
220EDF0010,DF-220,PAV,5.0,5.599973339014994,manter,,ENTR. BR-080/251,ENTR. DF-445
220EDF0030,DF-220,PAV,10.82,10.819213697852609,manter,extensao declarada zero/ausente: usada a da geometria,ENTR. DF-445,FIM DA PAVIMENTAÇÃO
230EDF0010,DF-230,PAV,3.8,3.83770697608209,manter,,ENTR. BR-010/BR-020/ BR-030,ENTR. DF-128
230EDF0030,DF-230,PAV,4.1,4.185117087610859,manter,,ENTR. DF-128,ENTR. DF-130
230EDF0050,DF-230,PAV,2.3,1.9152190542452046,manter,,ENTR. DF-130,ENTR. DF-345
230EDF0070,DF-230,PAV,7.3,7.635437104646882,manter,,ENTR. DF-345,ENTR. VC-137(A)
230EDF0090,DF-230,PAV,4.3,4.84488894683609,manter,,ENTR. VC-137(A),ENTR. VC-127/VC- 137(B)
230EDF0110,DF-230,PAV,2.0,2.066060981726962,manter,,ENTR. VC-127/VC- 137(B),ENTR. DF-410
230EDF0130,DF-230,IMP,1.7,1.8142309313674654,manter,nao pavimentado: fora da analise de trafego,ENTR. DF-410,ENTR. VC-139
230EDF0150,DF-230,IMP,2.5,1.8584009609163494,manter,nao pavimentado: fora da analise de trafego,ENTR. VC-139,ENTR. DF-353
230EDF0170,DF-230,IMP,0.5,0.667565762435595,manter,nao pavimentado: fora da analise de trafego,ENTR. DF-353,ENTR. DF-110(A)
230EDF0210,DF-230,PLA,13.0,11.872092702265093,remover,"trecho planejado, nao existe fisicamente",ENTR. DF-110(B),ENTR. DF-105
230EDF0230,DF-230,PLA,4.0,4.559894552971181,remover,"trecho planejado, nao existe fisicamente",ENTR. DF-105,ENTR. DF-100
250EDF0020,DF-250,PAV,5.1,4.429773532388665,manter,,ENTR. DF-456,ENTR. DF-330
250EDF0050,DF-250,PAV,6.4,6.573633315571493,manter,,ENTR. DF-130,ENTR. DF-120
250EDF0052,DF-250,PAV,0.5,0.29147233606942063,manter,ALERTA: geometria 0.58x a extensao declarada,ENTR. DF-120,ENTR. VC-129(A)
250EDF0060,DF-250,PAV,2.7,2.9417343035846253,manter,,ENTR. VC-129(A),ENTR. DF-353
250EDF0072,DF-250,PAV,1.6,1.8894403233701205,manter,,ENTR. DF-320,ENTR. VC-129(B)
250EDF0090,DF-250,PAV,4.5,4.452702486775265,manter,,ENTR. VC-129(B),ENTR. DF-310
250EDF0110,DF-250,PAV,0.5,0.40751977972360737,manter,,ENTR. DF-310,ENTR. VC-133
250EDF0150,DF-250,PAV,5.2,5.364352668315367,manter,,ENTR. DF-110,ENTR. VC-151
250EDF0170,DF-250,PAV,0.7,0.7378261557153446,manter,,ENTR. VC-151,ENTR. DF-105(A)
250EDF0190,DF-250,PAV,0.7,0.7734536180725522,manter,,ENTR. DF-105(A),ENTR. DF-105(B)
250EDF0210,DF-250,PAV,3.5,3.6626534574244554,manter,,ENTR. DF-105(B),ENTR. VC-155
250EDF0230,DF-250,PAV,0.9,0.9488767499720097,manter,,ENTR. VC-155,ENTR. DF-100
250EDF0270,DF-250,IMP,2.1,2.005196210003791,manter,nao pavimentado: fora da analise de trafego,ENTR. VC-159,ENTR. VC-145
250EDF0290,DF-250,IMP,1.9,1.747238577385897,manter,nao pavimentado: fora da analise de trafego,ENTR. VC-145,ENTR. BR-479(B)/ DIVISA DF/GO
260EDF0010,DF-260,IMP,6.5,7.286311414116245,manter,nao pavimentado: fora da analise de trafego,ENTR. DF-130,ENTR. DF-120(A)/DF- 125
260EDF0030,DF-260,IMP,0.5,0.6091706944165016,manter,nao pavimentado: fora da analise de trafego,ENTR. DF-120(A)/DF- 125,ENTR. DF-120(B)
260EDF0050,DF-260,IMP,5.3,5.753694621979475,manter,nao pavimentado: fora da analise de trafego,ENTR. DF-120(B),ENTR. VC-407
260EDF0070,DF-260,IMP,2.1,2.0752897801945314,manter,nao pavimentado: fora da analise de trafego,ENTR. VC-407,ENTR. VC-419
260EDF0090,DF-260,IMP,3.0,3.7638411160868332,manter,nao pavimentado: fora da analise de trafego,ENTR. VC-419,ENTR. VC-423
260EDF0110,DF-260,IMP,0.5,0.5817140971560218,manter,nao pavimentado: fora da analise de trafego,ENTR. VC-423,ENTR. DF-322(A)
260EDF0130,DF-260,IMP,2.0,2.0231419037933955,manter,nao pavimentado: fora da analise de trafego,ENTR. DF-322(A),ENTR. DF-322(B)
260EDF0150,DF-260,IMP,5.2,5.183790728883475,manter,nao pavimentado: fora da analise de trafego,ENTR. DF-322(B),ENTR. DF-100/DF-320
270EDF0010,DF-270,PAV,1.9,1.9302351578799972,manter,,ENTR. DF-130,ENTR. DF-125(A)
270EDF0030,DF-270,PAV,1.5,1.606701199413502,manter,,ENTR. DF-125(A),FIM DO TRECHO PAVIMENTADO (km. 3.4)
270EDF0040,DF-270,IMP,6.0,1.6584905717446619,manter,ALERTA: geometria 0.28x a extensao declarada,FIM DO TRECHO PAVIMENTADO (km. 3.4),0.1
270EDF0050,DF-270,IMP,1.9,1.9818871041858666,manter,nao pavimentado: fora da analise de trafego,ENTR. DF-125(B),ENTR. DF-120(A)
270EDF0090,DF-270,IMP,5.3,5.528140861617365,manter,nao pavimentado: fora da analise de trafego,ENTR. DF-120(B),ENTR. VC-407
270EDF0110,DF-270,IMP,3.5,4.1558705910023015,manter,nao pavimentado: fora da analise de trafego,ENTR. VC-407,ENTR. DF-322
270EDF0130,DF-270,IMP,4.0,4.314901417389821,manter,nao pavimentado: fora da analise de trafego,ENTR. DF-322,ENTR. DF-100
280EDF0010,DF-280,PAV,1.0,0.6835073094005835,manter,,DIVISA GO/DF,ENTR. DF-190(A)
280EDF0012,DF-280,PAV,1.0,0.849306600671932,manter,,ENTR. DF-190(A),ENTR. DF-190(B)
280EDF0030,DF-280,PAV,10.6,9.490536555370996,manter,,ENTR. DF-190(B),ENTR. BR-060
285EDF0010,DF-285,PAV,2.5,2.525187291650445,manter,,ENTR. BR-251,ENTR. VC-441
285EDF0030,DF-285,PAV,6.0,6.265346773339068,manter,,ENTR. VC-441,ENTR. DF-120
285EDF0050,DF-285,PAV,1.8,1.9574146698015717,manter,,ENTR. DF-120,ENTR. VC-447
285EDF0070,DF-285,PAV,5.8,5.934701332426366,manter,,ENTR. VC-447,ENTR. DF-100
285EDF0090,DF-285,PAV,2.9,3.085356474280297,manter,,ENTR. DF-100,ENTR. VC-461
285EDF0110,DF-285,IMP,6.6,8.162256857651801,manter,nao pavimentado: fora da analise de trafego,ENTR. VC-461,DIVISA DF/MG
290EDF0010,DF-290,PAV,11.8,11.798069724607412,manter,,ENTR. BR-060,ENTR. VC-381
290EDF0030,DF-290,PAV,4.9,5.338576037484862,manter,,ENTR. VC-381,ENTR. DF-180
290EDF0050,DF-290,PAV,4.4,4.510500513239694,manter,,ENTR. DF-180,ENTR. VC-379 / ACESSO AO GAMA
290EDF0070,DF-290,PAV,1.5,1.5325623392509946,manter,,ENTR. VC-379 / ACESSO AO GAMA,ENTR. VC-385
290EDF0080,DF-290,PAV,2.5,2.5898965258449933,manter,,ENTR. VC-385,ACESSO AO GAMA
290EDF0090,DF-290,DUP,3.2,3.472876878363702,manter,,ACESSO AO GAMA,ENTR. AV. ALAGADOS (SANTA MARIA)
290EDF0110,DF-290,DUP,3.2,2.841574277572565,manter,,ENTR. AV. ALAGADOS (SANTA MARIA),ENTR. VC-371
290EDF0130,DF-290,DUP,2.5,2.6251676280231053,manter,,ENTR. VC-371,ENTR. BR-040/BR-050
295EDF0010,DF-295,IMP,4.4,4.933113962522769,manter,nao pavimentado: fora da analise de trafego,ENTR. DF-130,ENTR. DF-125
295EDF0030,DF-295,IMP,3.8,3.9376939736878716,manter,nao pavimentado: fora da analise de trafego,ENTR. DF-125,ENTR. BR-251
295EDF0050,DF-295,IMP,10.8,11.730731087662273,manter,nao pavimentado: fora da analise de trafego,ENTR. BR-251,ENTR. VC-471
295EDF0070,DF-295,IMP,2.3,1.8294733705124289,manter,nao pavimentado: fora da analise de trafego,ENTR. VC-471,ENTR. DF-100
310EDF0010,DF-310,IMP,8.5,8.3413545587631,manter,nao pavimentado: fora da analise de trafego,ENTR. BR-479/DF-250,ENTR. VC-151
310EDF0030,DF-310,IMP,1.4,1.5529808457510648,manter,nao pavimentado: fora da analise de trafego,ENTR. VC-151,ENTR. VC-165
310EDF0050,DF-310,IMP,4.0,4.094045873174066,manter,nao pavimentado: fora da analise de trafego,ENTR.VC-165,ENTR. VC-173
310EDF0070,DF-310,IMP,3.0,3.0253373122319447,manter,nao pavimentado: fora da analise de trafego,ENTR. VC-173,ENTR. VC-177(A)
310EDF0090,DF-310,IMP,2.0,2.139414313639105,manter,nao pavimentado: fora da analise de trafego,ENTR. VC-177(A),ENTR. VC-177(B)
310EDF0110,DF-310,IMP,5.0,5.4703487541333375,manter,nao pavimentado: fora da analise de trafego,ENTR. VC-177(B),ENTR. DF-100
320EDF0010,DF-320,PAV,1.6,1.6878487108620228,manter,,ENTR. BR-479/DF-250,ENTR. VC-403
320EDF0030,DF-320,PAV,5.4,5.580628304191095,manter,,ENTR. VC-403,ENTR. DF-355
320EDF0050,DF-320,PAV,2.9,3.394795711021498,manter,,ENTR. DF-355,ENTR. VC-165
320EDF0060,DF-320,PAV,8.0,1.4172933130127414,manter,ALERTA: geometria 0.18x a extensao declarada,ENTR. VC-165,FIM DE TRECHO PAVIMENTADO (km. 11.7).1
320EDF0070,DF-320,IMP,6.0,3.591293663023726,manter,ALERTA: geometria 0.60x a extensao declarada,FIM DE TRECHO PAVIMENTADO (km. 11.7),3.3
320EDF0090,DF-320,IMP,0.8,0.7284316466437527,manter,nao pavimentado: fora da analise de trafego,ENTR. VC-173,ENTR. VC-409
320EDF0110,DF-320,IMP,2.8,2.9079574558661827,manter,nao pavimentado: fora da analise de trafego,ENTR. VC-409,ENTR. VC-417
320EDF0130,DF-320,IMP,8.3,8.89037193896576,manter,nao pavimentado: fora da analise de trafego,ENTR. VC-417,ENTR. DF-100/DF-260
322EDF0010,DF-322,IMP,3.5,3.320667570049739,manter,nao pavimentado: fora da analise de trafego,ENTR. DF-320,ENTR. VC-409
322EDF0030,DF-322,IMP,8.1,9.432907529625915,manter,nao pavimentado: fora da analise de trafego,ENTR. VC-409,ENTR. VC-417
322EDF0050,DF-322,IMP,3.8,4.011124667579804,manter,nao pavimentado: fora da analise de trafego,ENTR. VC-417,ENTR. DF-260(A)
322EDF0090,DF-322,IMP,5.0,4.266004262110038,manter,nao pavimentado: fora da analise de trafego,ENTR. DF-260(B),ENTR. VC-421
322EDF0110,DF-322,IMP,2.0,2.1117175149260032,manter,nao pavimentado: fora da analise de trafego,ENTR. VC-421,ENTR. DF-270
326EDF0010,DF-326,EOP,5.5,6.069687324378932,manter,,ENTR. DF-205,ENTR. DF-335
326EDF0030,DF-326,PAV,0.4,0.7944505471029327,manter,ALERTA: geometria 1.99x a extensao declarada,ENTR. DF-335,ENTR. VC-215
326EDF0050,DF-326,IMP,4.0,2.928252434950852,manter,nao pavimentado: fora da analise de trafego,ENTR. VC-215,ACESSO A SOBRADINHO
330EDF0010,DF-330,IMP,6.8,8.049186620994908,manter,nao pavimentado: fora da analise de trafego,ENTR. DF-440,ENTR. DF-444
330EDF0030,DF-330,EOP,6.4,5.50842698548612,manter,,ENTR. DF-444,ENTR. BR-479/DF-250
335EDF0010,DF-335,IMP,5.0,7.60400794574185,manter,nao pavimentado: fora da analise de trafego,ENTR. DF-326,FIM DE TRECHO IMPLANTADO (km. 7.5).7
335EDF0030,DF-335,PLA,0.75,0.7525489242316556,remover,"trecho planejado, nao existe fisicamente",FIM DE TRECHO IMPLANTADO (km. 7.5).8.5,1
335EDF0050,DF-335,IMP,7.0,1.7511398555722961,manter,ALERTA: geometria 0.25x a extensao declarada,FIM DE TRECHO PLANEJADO (km. 8.5),2.1
335EDF0070,DF-335,PAV,2.3,2.395991025418447,manter,,ACESSO A UNIVERSIDADE,FIM DE TRECHO PAVIMENTADO (km. 12.5)
335EDF0090,DF-335,IMP,9.0,5.583712844975899,manter,nao pavimentado: fora da analise de trafego,FIM DE TRECHO PAVIMENTADO (km. 12.5),4.5
345EDF0010,DF-345,PAV,2.3,2.2764674870770487,manter,,ENTR. BR-010(A) / DIVISA GO/DF,ENTR. DF-205
345EDF0030,DF-345,PAV,4.6,4.627167258131625,manter,,ENTR. DF-205,ENTR. VC-111
345EDF0050,DF-345,PAV,4.1,4.24176221768161,manter,,ENTR. VC-111,ENTR. BR-010(B)/ BR-020/BR-030
345EDF0070,DF-345,PAV,9.6,10.196453563040402,manter,,ENTR. BR-010(B)/ BR-020/BR-030,ENTR. DF-230
353EDF0010,DF-353,IMP,2.8,2.8023156026443465,manter,nao pavimentado: fora da analise de trafego,ENTR BR-479/DF-250,ENTR. VC-129
353EDF0030,DF-353,IMP,7.0,7.088908643167385,manter,nao pavimentado: fora da analise de trafego,ENTR. VC-129,ENTR. VC-123
353EDF0050,DF-353,IMP,3.0,3.025283641675018,manter,nao pavimentado: fora da analise de trafego,ENTR. VC-123,ENTR. VC-133
353EDF0070,DF-353,IMP,1.2,1.217383567917334,manter,nao pavimentado: fora da analise de trafego,ENTR. VC-133,ENTR. VC-127
353EDF0090,DF-353,IMP,2.7,2.4978005867236996,manter,nao pavimentado: fora da analise de trafego,ENTR. VC-127,ENTR. DF-230
355EDF0010,DF-355,PAV,6.9,7.1927655804743935,manter,,ENTR. DF-130,ENTR. DF-120
355EDF0030,DF-355,PAV,4.5,4.839265439115243,manter,,ENTR. DF-120,ENTR. VC-403
355EDF0050,DF-355,PAV,8.0,7.897079871558296,manter,,ENTR. VC-403,ENTR. DF-322
355EDF0070,DF-355,PAV,1.5,1.5531939107675667,manter,,ENTR. DF-322,ENTR. DF-320
405EDF0010,DF-405,IMP,2.8,2.728135044394207,manter,nao pavimentado: fora da analise de trafego,ENTR. BR-020/BR-030,ENTR. VC-111
405EDF0030,DF-405,IMP,1.0,0.9536600634983208,manter,nao pavimentado: fora da analise de trafego,ENTR. VC-111,ENTR. VC-113
405EDF0050,DF-405,IMP,3.4,3.4465192433465197,manter,nao pavimentado: fora da analise de trafego,ENTR. VC-113,ENTR. DF-205
410EDF0010,DF-410,IMP,4.4,5.187494388654053,manter,nao pavimentado: fora da analise de trafego,ENTR. BR-020/BR-030,ENTR. VC-121
410EDF0030,DF-410,IMP,0.8,0.8104882143970511,manter,nao pavimentado: fora da analise de trafego,ENTR. VC-121,ENTR. VC-127
410EDF0050,DF-410,IMP,1.8,1.7710805430468357,manter,nao pavimentado: fora da analise de trafego,ENTR. VC-127,ENTR. DF-230
415EDF0010,DF-415,IMP,6.6,6.980776251233677,manter,nao pavimentado: fora da analise de trafego,ENTR. BR-080/251,E NTR. DF-445
415EDF0030,DF-415,IMP,2.5,2.8243491986913964,manter,nao pavimentado: fora da analise de trafego,ENTR. DF-445,INICIO DE TRECHO PLANEJADO (km. 9.1)
415EDF0050,DF-415,PLA,4.51,4.513873795542405,remover,"trecho planejado, nao existe fisicamente",INICIO DE TRECHO PLANEJADO (km. 9.1),1.4
430EDF0010,DF-430,PAV,5.5,5.658327935436658,manter,,BALÃO DE ENTRADA DE BRAZLÂNDIA,ENTR. DF-445(A)
430EDF0030,DF-430,PAV,0.2,0.21054565943125603,manter,,ENTR. DF-445(A),ENTR. DF-445(B)
430EDF0050,DF-430,PAV,3.2,3.3732088405076706,manter,,ENTR. DF-445(B),ENTR. VC-527
430EDF0070,DF-430,PAV,2.4,2.5356553828229327,manter,,ENTR. VC-527,DF-001 (EPCT)
435EDF0010,DF-435,PAV,1.2,1.2355883161950816,manter,,ENTR. BR-080/BR-251,ENTR. VC-547
435EDF0030,DF-435,PAV,3.0,2.298108653561128,manter,,ENTR. VC-547,ENTR. DF-445/INICIO DE TRECHO PLANEJADO (km. 3.5)
435EDF0050,DF-435,PLA,1.0,4.931815264141206,remover,"trecho planejado, nao existe fisicamente",ENTR. DF-445/INICIO DE TRECHO PLANEJADO (km. 3.5).7.6,4
435EDF0070,DF-435,IMP,4.0,4.48084017997453,manter,nao pavimentado: fora da analise de trafego,FIM DE TRECHO PLANEJADO (km. 7.6),0.4
440EDF0010,DF-440,PAV,1.0,1.0532829309536738,manter,,ENTR. BR-010/BR-020/ BR-030,ENTR. DF-442
440EDF0012,DF-440,PAV,1.0,1.0151098731017814,manter,,ENTR. DF-442,ENTRADA DO COND. RK (km. 2.1).1
440EDF0030,DF-440,PAV,7.0,1.7911866884458767,manter,ALERTA: geometria 0.26x a extensao declarada,ENTRADA DO COND. RK (km. 2.1),8.1
440EDF0050,DF-440,PAV,4.4,4.504752320884456,manter,,ENTR. VC-249,ENTR. VC-263
440EDF0070,DF-440,PAV,4.5,8.282229962892014,manter,ALERTA: geometria 1.84x a extensao declarada,ENTR. VC-263,ENTR. VC-257
440EDF0090,DF-440,PAV,5.4,5.5233727575518845,manter,,ENTR. VC-257,ENTR. DF-330
440EDF0110,DF-440,PAV,3.5,3.573006898115913,manter,,ENTR. DF-330,ACESSO A BR-010/ BR-020/BR-030 (SLU)
442EDF0010,DF-442,PAV,0.5,0.5138290920909071,manter,,ENTR. DF-440,ENTR. DF-001 (EPCT)
442EDF0030,DF-442,PLA,4.9,4.112137139192211,remover,"trecho planejado, nao existe fisicamente",ENTR. DF-001 (EPCT),ENTR. DF-005 (EPPR)
444EDF0010,DF-444,PLA,1.8,1.8436331782494106,remover,"trecho planejado, nao existe fisicamente",ENTR. DF-330,ENTR. DF-128
445EDF0010,DF-445,PAV,2.9,2.92542397427037,manter,,ENTR. BR-080/BR-251,ENTR. DF-435
445EDF0030,DF-445,PAV,5.3,5.465241622223986,manter,,ENTR. DF-435,ENTR. DF-430(A)
445EDF0070,DF-445,IMP,1.8,1.8717687120614395,manter,nao pavimentado: fora da analise de trafego,ENTR. DF-430(B),ENTR. VC-527
445EDF0090,DF-445,IMP,2.2,1.8780017280030639,manter,nao pavimentado: fora da analise de trafego,ENTR. VC-527,ENTR. DF-415
445EDF0110,DF-445,IMP,3.2,4.08775430648527,manter,nao pavimentado: fora da analise de trafego,ENTR. DF-415,ENTR. DF-220
451EDF0010,DF-451,DUP,1.0,1.0271565195395396,manter,,ENTR. BR-070,FIM DO TRECHO DUPLICADO
451EDF0020,DF-451,PAV,1.5,1.5252608553602585,manter,,FIM DO TRECHO DUPLICADO,ENTR. VC-561
451EDF0030,DF-451,PAV,3.6,3.576921008320156,manter,,ENTR. VC-561,ENTR. BR-080/BR-251
455EDF0010,DF-455,IMP,5.7,5.781090245990342,manter,nao pavimentado: fora da analise de trafego,ENTR. DF-130,ENTR. VC-413
455EDF0030,DF-455,IMP,4.3,4.178986577186297,manter,nao pavimentado: fora da analise de trafego,ENTR. VC-413,ENTR. DF-120
456EDF0010,DF-456,DUP,5.6,5.31322650275057,manter,,ENTR. DF-001 (EPCT),ENTR. BR-479/DF-250
459EDF0010,DF-459,DUP,2.6,2.7550776222741384,manter,,ACESSO A CEILÂNDIA (VIA DE LIGAÇÃO CENTRO NORTE),ACESSO A SAMAMBAIA (2ª AVENIDA NORTE)
463EDF0010,DF-463,DUP,3.9,4.319882221725699,manter,,ENTR. DF-001 (EPCT),SÃO SEBASTIÃO
465EDF0010,DF-465,PAV,4.3,4.440752593902793,manter,,ENTR. DF-001 (EPCT),PRESÍDIO DA PAPUDA
473EDF0010,DF-473,PAV,3.0,2.9088690963594224,manter,,SÃO SEBASTIÃO,ENTR. BR-251
475EDF0010,DF-475,PAV,2.3,2.2157538780203923,manter,,ACESSO AO GAMA,ENTR. VC-351
475EDF0030,DF-475,PAV,4.0,4.658165250390551,manter,,ENTR. VC-351,ENTR. VC-341
475EDF0050,DF-475,PAV,1.1,1.543322497540835,manter,,ENTR. VC-341,ENTR. BR-251/DF-001
480EDF0010,DF-480,DUP,1.9,2.0809161500856765,manter,,GAMA,ENTR. VC-361
480EDF0030,DF-480,DUP,3.4,3.5035836642452063,manter,,ENTR. VC-361,ENTR. BR-251/DF- 001(EPCT)/DF- 065(EPIP)
483EDF0010,DF-483,DUP,1.2,2.1165152694790432,manter,ALERTA: geometria 1.76x a extensao declarada,GAMA,ENTR. VC-361
483EDF0030,DF-483,DUP,3.2,2.374800398653806,manter,,ENTR. VC-361,ENTR. AV. ALAGADOS (SANTA MARIA)
495EDF0010,DF-495,PAV,2.9,3.0196621039669287,manter,,ENTR.BR-040/BR-050,FERROVIA CENTRO ATLÂNTICO FCA
495EDF0030,DF-495,PAV,7.0,6.004654700886633,manter,,FERROVIA CENTRO ATLÂNTICO - FCA,FIM DE TRECHO PAVIMENTADO (km 11.6).6.8
001EDF0370,DF-001,DUP,2.8,2.795579072690688,manter,,ACESSO II A SAMAMBAIA / 3º DR,ENTR. DF-075 (EPNB)
001EDF0390,DF-001,DUP,5.7,5.520745984745971,manter,,ENTR. DF-075 (EPNB),ENTR. DF-085 (EPTG)/ TAGUATINGA
125EDF0110,DF-125,PAV,2.0,1.6413536978304932,manter,,(km. 10.0) ENTR. BR- 251(A),7.1
250EDF0010,DF-250,DUP,5.55,5.552016715204578,manter,extensao declarada zero/ausente: usada a da geometria,ENTR. BR- 479(A)/ DF-001 (EPCT)/ DF-015 (EPTM),ENTR. DF-456
250EDF0030,DF-250,PAV,4.8,4.759053552804001,manter,,ENTR. DF-330,ENTR. DF-130
250EDF0070,DF-250,PAV,0.8,0.9152463426762873,manter,,ENTR. DF-353,ENTR. DF-320
250EDF0130,DF-250,PAV,2.7,3.200581178913659,manter,,ENTR. VC-133,ENTR. DF-110
250EDF0250,DF-250,IMP,4.0,4.131099760946126,manter,nao pavimentado: fora da analise de trafego,ENTR. DF-100,ENTR. VC-159
270EDF0070,DF-270,IMP,1.95,1.9495335182345972,manter,extensao declarada zero/ausente: usada a da geometria,(km. 3.4) ENTR. DF- 120(A),9.2
