no,lon,lat,nome,n_pontas
0,-47.8590175219999,-15.6880902255081,ENTR. BR-010/020/ 030/DF-003/150 (PARQUE ROD. DER- DF),3
1,-47.8349603539999,-15.693796059507997,ENTR. DF-442,3
2,-47.8098339629999,-15.7109436635075,ENTR. DF-008 (EPUB),2
3,-47.7900751619999,-15.727512703507,ENTR. VC-263,2
4,-47.7781039579999,-15.7583728565062,ENTR.BR-479/ DF-015/DF-250,4
5,-47.775471489999894,-15.7760428671723,ENTR. DF-456,3
6,-47.78310495899999,-15.7944701315052,ENTR. DF-005 (EPPR),3
7,-47.7861105129999,-15.8024356625049,ENTR. DF-025(A) /BARRAGEM DO PARANOÁ,2
8,-47.80032670799991,-15.8086292875047,ENTR. DF-025(B) (EPDB),3
9,-47.815062895999894,-15.8493016085036,ENTR. DF-027 (EPJK),3
10,-47.820454796999904,-15.864080962169865,ENTR. DF-035 (EPCV),3
11,-47.82195791099989,-15.8853899475026,ENTR. DF-463,3
12,-47.819552709999904,-15.899755612835534,ENTR. DF-465,3
13,-47.832581045666565,-15.928027719834732,ENTR. DF-140,3
14,-47.8578395139999,-15.9484538185008,ENTR. BR-251(A),1
15,-47.989792082,-15.9766584965001,ENTR. BR-040/050/ DF-003 (EPIA),2
16,-48.0207063509999,-15.9660987445004,E N T R . D F - 0 6 5 (EPIP)/ DF-480,4
17,-48.03826042566657,-15.945381687834233,ENTR. DF-475,3
18,-48.044458146,-15.9319368775013,ENTR. VC-331,2
19,-48.0544479519999,-15.9007025685021,ACESSO AO RECANTO DAS EMAS,2
20,-48.0603337079999,-15.8824480525026,ENTR. BR-060 / ACESSO I A SAMAMBAIA,2
21,-48.0515168429999,-15.8781281025028,ACESSO II A SAMAMBAIA / 3º DR,2
22,-48.0503347119999,-15.831850879837434,ENTR. DF-085 (EPTG)/ TAGUATINGA,3
23,-48.0534586989999,-15.7922437525052,ENTR. BR-070/ DF-095 (EPCL),3
24,-48.0475035949999,-15.753955567506301,ENTR. DF-097 (EPAC),3
25,-48.0742885729999,-15.7360108445068,ENTR. BR-080/251(B),2
26,-48.0884302979999,-15.6971364925079,ENTR. DF-435,3
27,-48.0896341929999,-15.6772554515085,ENTR. DF-430,3
28,-48.0799267619999,-15.6437268535094,ENTR. DF-415,2
29,-48.066950318,-15.62299266751,ENTR. DF-220,3
30,-48.0171379419999,-15.5822580415111,ENTR. DF-170 ENTR. BR-010/020/,2
31,-47.89402305399991,-15.731272669507,ENTR. DF-007(EPTT) PONTE DO BRAGHETTO,3
32,-47.8827600789999,-15.7938676785052,DER-DF) RODOVIÁRIA DE BRASÍLIA,2
33,-47.9269986499999,-15.835949868504,ENTR. DF-047 (TREVO DE TRIAGEM SUL),2
34,-47.89987936299989,-15.713016919507401,ENTR. DF-007(EPTT) (GRANJA DO TORTO),3
35,-47.90713430699994,-15.724390947507098,ENTR. DF-009 (EPPN),3
36,-47.916565944,-15.7394928505067,ACESSO A ASA NORTE,2
37,-47.9277874149999,-15.7574905070062,ENTR. DF-010 (EPAA) (ACESSO AO SAIN / SMU),4
38,-47.938525765,-15.7773987755056,ENTR. EIXO MONUMENTAL,2
39,-47.94139891299991,-15.785888796172067,ENTR. DF-095 (EPCL),3
40,-47.9484184289999,-15.8100881925047,ENTR. DF-085 (EPTG),4
41,-47.9513141629999,-15.8281747925042,ENTR. DF-081 (EPIB),2
42,-47.953301568499896,-15.84057142500385,ENTR. DF-051 (EPGU),4
43,-47.9567398019999,-15.862046708169865,ENTR. DF-075 (EPNB),3
44,-47.95874817033323,-15.874549975169566,ENTR. DF-025 (EPDB),3
45,-47.96000166433327,-15.882360416169368,ENTR. DF-055 (EPVB),3
46,-47.992109160999895,-15.9475385925009,ENTR. DF-065 (EPIP),3
47,-47.8861244269999,-15.7342370975068,ENTR. VIA L2,2
48,-47.8665609199999,-15.7581504785062,ENTR. DF-008 (EPUB),2
49,-47.8637622079999,-15.7742986865057,ACESSO À UnB,2
50,-47.8586996839999,-15.7902308325053,ACESSO À VILA PLANALTO,2
51,-47.850764583,-15.801656238505,ENTR. EIXO MONUMENTAL,2
52,-47.852768727,-15.8041943165049,ACESSO À PONTE JK,2
53,-47.8797361819999,-15.8193357185044,ACESSO À PONTE HONESTINO GUIMARÃES,2
54,-47.899763994,-15.835762879504,ACESSO À PONTE PRESIDENTE MEDICI,2
55,-47.9314830279999,-15.8450995110037,ENTR. DF-051 (EPGU)/ DF-004 (EPNA),4
56,-47.884143633999905,-15.722517216840535,ENTR. DF-005 (EPPR),3
57,-47.8815900549999,-15.716070177507333,ENTR. DF-006 (EPCA),3
58,-47.8611407599999,-15.7184022505073,ENTR. DF-442,2
59,-47.81299327999991,-15.758422807839532,ENTR. DF-015 (EPTM),3
60,-47.897697576999896,-15.7198336525072,ENTR. DF-006 (EPCA),3
61,-47.8962514499999,-15.7243355385071,ENTR. DF-009 (EPPN),4
62,-47.8328836509999,-15.7705722385058,CLUBE DO CONGRESSO,1
63,-47.9100004499999,-15.7843778945054,ENTR. EIXO MONUMENTAL,1
64,-47.9100063069999,-15.7715803245058,ACESSO AO AUTÓDROMO,2
65,-47.9225626399999,-15.7604179725061,ACESSO AO SMU,2
66,-47.949913223,-15.7604542445061,INÍCIO DE TRECHO DUPLICADO (km. 6.8),2
67,-47.9597671189999,-15.7583342005061,8.0,2
68,-47.9643451609999,-15.765001772506,9.0,2
69,-47.9780496269999,-15.7827306885055,DF-010 (EPAA),3
70,-47.9383129249999,-15.8103685815047,ACESSO AO SETOR POLICIAL SUL,2
71,-47.9284263189999,-15.8067705235048,ENTRADA DO PARQUE DA CIDADE- SUDOESTE,2
72,-47.909709877,-15.7863454395054,ENTR. EIXO MONUMENTAL,1
73,-47.934993986499954,-15.8610369965033,ENTR. DF-047 (EPAR),4
74,-47.8962237699999,-15.8456560905037,ACESSO À PONTE PRESIDENTE MEDICI,2
75,-47.8716593069999,-15.8306893355041,ACESSO À PONTE HONESTINO GUIMARÃES,2
76,-47.850552841666634,-15.843350996170466,ENTR. DF-035 (EPCV),3
77,-47.82484730366664,-15.834861521170666,ENTR. DF-027 (EPJK),3
78,-47.9363922729999,-15.868793709503,AEROPORTO INTERNACIONAL DE BRASÍLIA,1
79,-47.9668592849999,-15.836356058504,ACESSO AO GUARÁ II,1
80,-47.9360970769999,-15.9500436945008,VARGEM BONITA (km. 7.2),1
81,-47.972912279,-15.870294139503,ACESSO AO NÚCLEO BANDEIRANTE,2
82,-47.9895320116666,-15.8762851481695,ENTR. DF-079 (EPVP),3
83,-48.0277590289999,-15.8759157095029,ENTR. DF-075 (EPNB),3
84,-48.012824946333296,-15.817407377171167,ENTR. DF-079 (EPVP),3
85,-48.0040518279999,-15.837016450504,ENTR. DF-081 (EPIB),2
86,-47.99999797233323,-15.812760032171267,ENTR. DF-087 (EPVL),3
87,-47.997257831999896,-15.786233295172066,ENTR. DF-087 (EPVL),3
88,-47.970346989666574,-15.795470152171767,ENTR. DF-097 (EPAC),3
89,-47.3521576769999,-15.5836292565111,ENTR. BR-020/BR-030,1
90,-47.366371162,-15.655546219509,ENTR. DF-230,2
91,-47.368721692,-15.657823261509,ENTR. VC-141,2
92,-47.3906106659999,-15.6818219125083,ENTR. VC-145,2
93,-47.3906437319999,-15.6868412975082,ENTR. VC-143,2
94,-47.3908340559999,-15.7157320975074,ENTR. BR-479/DF-250,4
95,-47.384117758,-15.7648531655059,ENTR. VC-169(A),2
96,-47.38342639666663,-15.769910867172465,ENTR. DF-105,3
97,-47.3809789469999,-15.7878095185054,ENTR. VC-169(B),2
98,-47.38234661566656,-15.824469573837632,ENTR. DF-310,3
99,-47.3870832369999,-15.8567395105034,ENTR. DF-260/DF-320,4
100,-47.3924766679999,-15.8935179315024,ENTR. VC-421,2
101,-47.3970157729999,-15.924419024501498,ENTR. DF-270,3
102,-47.4074416299999,-16.0219869029988,ENTR. DF-285,4
103,-47.4157636369999,-16.049777299498,ENTR. DF-295/ DIVISA DF/GO,2
104,-47.4025062219999,-15.5797273135112,ENTR. BR-020/030,1
105,-47.3961536349999,-15.6300698615097,FIM DO TRECHO IMPLANTADO (km. 5.9),1
106,-47.4134515079999,-15.6885939175081,ENTR. VC-143,1
107,-47.43827533666657,-15.706730775174266,ENTR. DF-105(A),3
108,-47.4316944119999,-15.708910385174166,ENTR. DF-105(B),3
109,-47.4311980819999,-15.7189187995073,ENTR. VC-155,2
110,-47.476143681333234,-15.515448967513,ENTR. DF-110,3
111,-47.4988663529999,-15.5677035865115,ENTR. VC-113,2
112,-47.4970470339999,-15.5795763465112,ENTR. BR-020/BR-030,2
113,-47.4951699039999,-15.587949556511,ENTR. VC-121,2
114,-47.48669095466661,-15.654829918842433,ENTR. DF-230(A),3
115,-47.4861175369999,-15.6619976325089,ENTR. DF-230(B),2
116,-47.48957216566657,-15.687404943841466,ENTR. DF-110,3
117,-47.60498943666659,-15.728545558840333,ENTR. DF-120,3
118,-47.5696963629999,-15.814569836504598,ENTR. DF-455,3
119,-47.5624114029999,-15.8388470745039,ENTR. DF-355,4
120,-47.5516678419999,-15.8459491835037,ENTR. VC-419,2
121,-47.55285397299989,-15.871240437503,ENTR. DF-120(B),3
122,-47.55809457833323,-15.8722439135029,ENTR. DF-120(A)/DF- 125,3
123,-47.5153180489999,-15.907148802502,ENTR. VC-427,2
124,-47.52010268066656,-15.924655240501501,ENTR. DF-270(A),3
125,-47.53727604066663,-15.928086942168067,ENTR. DF-270(B),3
126,-47.47757239566656,-16.0116001534991,ENTR. DF-120,3
127,-47.557592117,-15.8732052575029,ENTR. DF-120/DF-260,1
128,-47.5611956719999,-15.8903555555025,INICIO DE TRECHO PLANEJADO (km. 2.5),1
129,-47.5619846769999,-15.9001681655022,FIM DE TRECHO PLANEJADO (km. 3.5),1
130,-47.58350008466656,-15.937309461167766,ENTR. DF-125(A),3
131,-47.5547345029999,-15.9315750915013,ENTR. DF-270(B),3
132,-47.550319682,-15.9548108615007,CÓRREGO LAMARÃO,2
133,-47.57444314399995,-15.9903712809997,ENTR. BR-251(A),2
134,-47.5633516714999,-15.998884784999401,ENTR. BR-251(B),2
135,-47.5649948369999,-16.0051922054993,FIM DO TRECHO PAVIMENTADO (km. 21.3),2
136,-47.5729490269999,-16.049620569831333,ENTR. DF-125,3
137,-47.6174313739999,-15.5002525975134,DIVISA GO/DF,1
138,-47.6224954649999,-15.5282706885127,ENTR. DF-205,4
139,-47.67803086466657,-15.582306905844433,ENTR. DF-131,3
140,-47.675448307,-15.5980792935107,ENTR. BR- 010/020/030,2
141,-47.6725817849999,-15.62036075251,ACESSO A PLANALTINA/ 1º DISTRITO RODOVIÁRIO,2
142,-47.6855100789999,-15.64189649700945,ENTR. DF-230,4
143,-47.6934194439999,-15.657571631509,ACESSO AO INSTITUTO FEDERAL DE BRASÍLIA,2
144,-47.6928496639999,-15.6793195405084,ENTR. DF-444,2
145,-47.6800757629999,-15.6856356655082,PEDRA FUNDAMENTAL,1
146,-47.6502645399999,-15.6478359105093,ENTR. DF-130,3
147,-47.6443092189999,-15.6702740085086,ACESSO AO VALE DO AMANHECER,2
148,-47.660503062749946,-15.727419621257024,ENTR. BR-479/DF-250,4
149,-47.646397652999894,-15.781334296838834,ENTR. DF-455,3
150,-47.6401067619999,-15.7961698315051,ENTR. VC-411,2
151,-47.6328176529999,-15.8217292075044,ENTR. VC-413,2
152,-47.6267039529999,-15.843166992503802,ENTR. DF-355,3
153,-47.6210442299999,-15.863061208503202,ENTR. DF-260,3
154,-47.6142609059999,-15.8868088860025,ENTR. VC-401,2
155,-47.6103561199999,-15.9004882145022,ACESSO AO 4º DISTRITO RODOVIÁRIO,2
156,-47.60050013033324,-15.940407754834332,ENTR. DF-270,3
157,-47.6033966169999,-15.9438732605009,ENTR. BR-251(A),2
158,-47.5872694679999,-15.9697717995002,ENTR. BR-251(B),2
159,-47.6172637409999,-16.049619532498,ENTR. DF-295/ DIVISA DF/GO,2
160,-47.6887636719999,-15.5002082465134,DIVISA GO/DF,1
161,-47.6883890969999,-15.528626021012602,ENTR. DF-205,4
162,-47.68531531166659,-15.5655016375116,ENTR. DF-335,3
163,-47.7549883049999,-16.0331020484985,ENTR. VC-467,1
164,-47.7389983269999,-16.0519473804979,DIVISA DF/GO,1
165,-47.8274445029999,-15.9390603085011,ENTR. BR-251,2
166,-47.8090311539999,-15.9977999954994,ENTR. VC-467,2
167,-47.8146275119999,-16.050003843498,ENTR. DIVISA DF/GO,1
168,-47.860429086,-15.6876134285082,ENTR. BR-010/ 020/030/DF-001/003 (PARQUE RODOVIÁRIO DO DER-DF),1
169,-47.8512273689999,-15.6377710195096,ACESSO A SOBRADINHO II,2
170,-47.872992051666564,-15.592362524510799,ENTR. DF-205,3
171,-48.1677376609999,-15.7310056215069,ENTR. BR-080(B)/ BR-251(B) /DF-445,2
172,-48.1676926899999,-15.7388433965067,ENTR. VC-555,2
173,-48.1676476779999,-15.7466885015065,ENTR. VC-561,2
174,-48.17241829499995,-15.7964070350051,ENTR. BR-070(A),2
175,-48.196059267499905,-15.795771684505102,ENTR. BR-070(B),2
176,-48.2171598249999,-15.828921275170865,ENTR. DF-190,3
177,-48.168519623,-15.8628607595032,ENTR. VC-311,2
178,-48.14750734,-15.8991740285022,ACESSO A SAMAMBAIA,2
179,-48.1448878859999,-15.9079444855019,ENTR. BR-060,2
180,-48.1438724739999,-15.9195339735016,ENTR. VC-337(A),2
181,-48.133878438,-15.9558162375007,ENTR. VC-337(B),2
182,-48.1153129219999,-15.9918120244996,ENTR. VC-351,2
183,-48.12123163733323,-16.0083427194991,ENTR. DF-180,3
184,-48.2478686829999,-15.8665403555031,ENTR. VC-321,2
185,-48.24735454499997,-15.942445397500999,ENTR. DF-190(A),3
186,-47.9775562159999,-15.5002078595134,DIVISA GO/DF,1
187,-47.9732839069999,-15.514686957513,ENTR. VC-201(A),2
188,-47.9236456919999,-15.587786896511,INÍCIO DE TRECHO PAVIMENTADO (km. 11),2
189,-47.85355724699989,-15.5789349615112,ENTR. DF-326,3
190,-47.8359280159999,-15.5321870955125,ENTR. VC-201(B),2
191,-47.7888195919999,-15.5253579175127,FIM DE TRECHO PAVIMENTADO (km. 33.6),2
192,-47.53096411,-15.5195922965129,ENTR. BR-010/DF-345,4
193,-47.513432727,-15.5345432725125,ENTR. DF-405,3
194,-47.468141661,-15.5021910575134,ENTR. GO-430,2
195,-47.4167428209999,-15.5214687935128,DIVISA DF/GO,1
196,-48.1911679449999,-15.5258353625127,ENTR. BR-080/251,1
197,-48.1646805249999,-15.5271288485127,ENTR. VC-505,2
198,-48.1316131319999,-15.5002085855134,DIVISA DF/GO,1
199,-48.1984568979999,-15.6164028205102,ENTR. BR-080/251,1
200,-48.150947271666574,-15.601210417177265,ENTR. DF-445,3
201,-47.7063427809999,-15.6153121685102,ENTR. BR-010/BR-020/ BR-030,1
202,-47.633067726999904,-15.6473174515093,ENTR. DF-345,3
203,-47.570618625,-15.6524638105091,ENTR. VC-137(A),2
204,-47.5287327919999,-15.6422783515094,ENTR. VC-127/VC- 137(B),2
205,-47.5154280699999,-15.6293384455097,ENTR. DF-410,3
206,-47.5036931069999,-15.6406476085095,ENTR. VC-139,2
207,-47.49167243999991,-15.6522321095092,ENTR. DF-353,3
208,-47.73227735666657,-15.762696897172667,ENTR. DF-456,3
209,-47.69916701333324,-15.740988793839966,ENTR. DF-330,3
210,-47.6023744839999,-15.728420333507,ENTR. VC-129(A),2
211,-47.578322408333236,-15.717646102840634,ENTR. DF-353,3
212,-47.5709075899999,-15.7140939475074,ENTR. DF-320,3
213,-47.5556149069999,-15.7067306475076,ENTR. VC-129(B),2
214,-47.5196028119999,-15.6893220595081,ENTR. DF-310,3
215,-47.5163072319999,-15.6877281405081,ENTR. VC-133,2
216,-47.44447944,-15.7043985765077,ENTR. VC-151,2
217,-47.3992415559999,-15.7143284475074,ENTR. VC-155,2
218,-47.3542123409999,-15.7217174690072,ENTR. VC-159,2
219,-47.3362640629999,-15.7202224445072,ENTR. VC-145,2
220,-47.3211822009999,-15.7169493065073,ENTR. BR-479(B)/ DIVISA DF/GO,1
221,-47.5058860199999,-15.8552937505034,ENTR. VC-407,2
222,-47.4876057609999,-15.8589512325033,ENTR. VC-419,2
223,-47.4555009899999,-15.858143589503399,ENTR. VC-423,2
224,-47.4503773779999,-15.8581317338367,ENTR. DF-322(A),3
225,-47.4326729229999,-15.8622366735032,ENTR. DF-322(B),3
226,-47.5693447169999,-15.9344912795012,FIM DO TRECHO PAVIMENTADO (km. 3.4),2
227,-47.4714060489999,-15.9149215645018,ENTR. VC-407,2
228,-47.43506526466657,-15.918579495834999,ENTR. DF-322,3
229,-48.2533802999999,-15.942833367501,DIVISA GO/DF,1
230,-48.2397287399999,-15.942466176501,ENTR. DF-190(B),2
231,-48.1663108099999,-15.9236228225016,ENTR. BR-060,1
232,-47.5556668839999,-16.0003919424994,ENTR. BR-251,1
233,-47.5332462539999,-16.0033466749993,ENTR. VC-441,2
234,-47.4601779539999,-16.014172901499,ENTR. VC-447,2
235,-47.3800233509999,-16.0260391034987,ENTR. VC-461,2
236,-47.3112370769999,-16.0377053354983,DIVISA DF/MG,1
237,-48.2557304399999,-16.0382168444983,ENTR. BR-060,1
238,-48.1631666499999,-16.0090605684991,ENTR. VC-381,2
239,-48.0859683389999,-16.0265525774987,ENTR. VC-379 / ACESSO AO GAMA,2
240,-48.074160768,-16.033609465998403,ENTR. VC-385,2
241,-48.055073885,-16.0384882634983,ACESSO AO GAMA,2
242,-48.0303767029999,-16.049023177998002,ENTR. AV. ALAGADOS (SANTA MARIA),2
243,-48.0048505389999,-16.049051055498,ENTR. VC-371,2
244,-47.9812683789999,-16.049076897498,ENTR. BR-040/BR-050,1
245,-47.5375762819999,-16.049619201498,ENTR. BR-251,2
246,-47.4321979349999,-16.049730818498,ENTR. VC-471,2
247,-47.4661306659999,-15.7306974455069,ENTR. VC-151,2
248,-47.4584550019999,-15.7421145195066,ENTR. VC-165,2
249,-47.4388442989999,-15.7728354335058,ENTR. VC-173,2
250,-47.4225357209999,-15.7820449335055,ENTR. VC-177(A),2
251,-47.4172664859999,-15.800018806505,ENTR. VC-177(B),2
252,-47.5567556345,-15.7195356780073,ENTR. VC-403,2
253,-47.5133102699999,-15.7424003645066,ENTR. DF-355,3
254,-47.4932498409999,-15.765364823506,ENTR. VC-165,2
255,-47.4832016809999,-15.7691608955059,FIM DE TRECHO PAVIMENTADO (km. 11.7).1,2
256,-47.4665680809999,-15.7949237135051,3.3,2
257,-47.4720910269999,-15.798433064505,ENTR. VC-409,2
258,-47.4537498999999,-15.8170338285045,ENTR. VC-417,2
259,-47.522364720999896,-15.752909269506299,ENTR. DF-322,3
260,-47.5184669614999,-15.7824834485055,ENTR. VC-409,2
261,-47.4619754799999,-15.8246111305043,ENTR. VC-417,2
262,-47.4373172019999,-15.8997446215022,ENTR. VC-421,2
263,-47.8187318029999,-15.6149020885102,ENTR. DF-335,3
264,-47.8154939179999,-15.62125134251,ENTR. VC-215,2
265,-47.8031948259999,-15.6383223335095,ACESSO A SOBRADINHO,1
266,-47.757814984999904,-15.660247649508932,ENTR. DF-330,3
267,-47.7022883169999,-15.692615327508,ENTR. DF-444,2
268,-47.7632157419999,-15.5913649935109,FIM DE TRECHO IMPLANTADO (km. 7.5).7,1
269,-47.7572319799999,-15.5882321575109,FIM DE TRECHO PLANEJADO (km. 8.5),1
270,-47.7471606099999,-15.5769178225113,2.1,2
271,-47.7269622549999,-15.5814028335112,FIM DE TRECHO PAVIMENTADO (km. 12.5),2
272,-47.5243665749999,-15.5002669945134,ENTR. BR-010(A) / DIVISA GO/DF,1
273,-47.5517625184999,-15.5549277245119,ENTR. VC-111,2
274,-47.571777316,-15.585937961511,ENTR. BR-010(B)/ BR-020/BR-030,2
275,-47.5828866349999,-15.693612170508,ENTR. VC-129,2
276,-47.5432649519999,-15.6691513475087,ENTR. VC-123,2
277,-47.516090178,-15.6694541545086,ENTR. VC-133,2
278,-47.5098255729999,-15.6634224935088,ENTR. VC-127,2
279,-47.5432053349999,-15.8066136235048,ENTR. VC-403,2
280,-47.5537751869999,-15.5817978505111,ENTR. BR-020/BR-030,1
281,-47.5423028479999,-15.5609306990117,ENTR. VC-111,2
282,-47.5364422009999,-15.5546822215119,ENTR. VC-113,2
283,-47.5504955919999,-15.5817904455112,ENTR. BR-020/BR-030,1
284,-47.531867088,-15.6134124645103,ENTR. VC-121,2
285,-47.526646324,-15.6184871375101,ENTR. VC-127,2
286,-48.2017833819999,-15.6481302665093,ENTR. BR-080/251,1
287,-48.1432296549999,-15.6341599915097,ENTR. DF-415,4
288,-48.1178956399999,-15.6327931345097,INICIO DE TRECHO PLANEJADO (km. 9.1),1
289,-48.1918713159999,-15.6664460735087,BALÃO DE ENTRADA DE BRAZLÂNDIA,1
290,-48.141279893666564,-15.667787911508702,ENTR. DF-445(A),3
291,-48.139391272333235,-15.667686268508701,ENTR. DF-445(B),3
292,-48.1103026709999,-15.6713653785086,ENTR. VC-527,2
293,-48.19878581,-15.7122606525075,ENTR. BR-080/BR-251,1
294,-48.1880877059999,-15.7093029725075,ENTR. VC-547,2
295,-48.16798458766656,-15.704774448840935,ENTR. DF-435,3
296,-48.1279461569999,-15.7046041885077,FIM DE TRECHO PLANEJADO (km. 7.6),1
297,-47.8374025669999,-15.6816647765083,ENTR. BR-010/BR-020/ BR-030,1
298,-47.8342036539999,-15.6892708155081,ENTR. DF-442,3
299,-47.825890226,-15.692972837508,ENTRADA DO COND. RK (km. 2.1).1,2
300,-47.8101607229999,-15.6957130765079,8.1,2
301,-47.7813319229999,-15.7239672295071,ENTR. VC-263,1
302,-47.7584894859999,-15.7088515505076,ENTR. VC-263,1
303,-47.7586162029999,-15.7093024085075,ENTR. VC-257,1
304,-47.7628667759999,-15.6978792505078,ENTR. VC-257,1
305,-47.7829499059999,-15.6542834045091,ACESSO A BR-010/ BR-020/BR-030 (SLU),1
306,-48.1422531479999,-15.6510020055092,ENTR. VC-527,2
307,-48.1291296379999,-15.7839342855054,ENTR. BR-070,1
308,-48.1291173429999,-15.7748331495057,FIM DO TRECHO DUPLICADO,2
309,-48.127599045,-15.7612159435061,ENTR. VC-561,2
310,-48.1240427609999,-15.729281469507,ENTR. BR-080/BR-251,1
311,-47.6004199359999,-15.799600982505,ENTR. VC-413,2
312,-48.104602327,-15.8440438945037,ACESSO A CEILÂNDIA (VIA DE LIGAÇÃO CENTRO NORTE),1
313,-48.0930920519999,-15.8648121595032,ACESSO A SAMAMBAIA (2ª AVENIDA NORTE),1
314,-47.7870716959999,-15.8971768925023,SÃO SEBASTIÃO,1
315,-47.7857235919999,-15.9186517935016,PRESÍDIO DA PAPUDA,1
316,-47.7602561729999,-15.9149683865018,SÃO SEBASTIÃO,1
317,-47.7497171759999,-15.9377385885011,ENTR. BR-251,1
318,-48.0756729099999,-16.0026617404993,ACESSO AO GAMA,1
319,-48.0746327129999,-15.9843331079998,ENTR. VC-351,2
320,-48.0488007919999,-15.9535728205006,ENTR. VC-341,2
321,-48.0589759129999,-15.9982397404994,GAMA,1
322,-48.0441438319999,-15.9871044454998,ENTR. VC-361,2
323,-48.0532382709999,-16.0018693654993,GAMA,1
324,-48.035839371,-16.0078589474991,ENTR. VC-361,2
325,-48.016310491,-16.015688484499,ENTR. AV. ALAGADOS (SANTA MARIA),1
326,-47.9792457879999,-16.0266621704987,ENTR.BR-040/BR-050,1
327,-47.9531158569999,-16.0339246344984,FERROVIA CENTRO ATLÂNTICO FCA,2
328,-47.9090631259999,-16.0421401594982,FIM DE TRECHO PAVIMENTADO (km 11.6).6.8,1
