RODOVIA,SENTIDO,VALOR DO K
190EDF0070,ENTR. DF-280(B) até ENTR. BR-060,1.6
100EDF0090,ENTR. VC-143 até ENTR. BR-479/DF-250,1.4833333333333334
001EDF0170,ENTR. DF-465 até ENTR. DF-140,1.45
001EDF0190,ENTR. DF-140 até ENTR. BR-251(A),1.45
100EDF0010,ENTR. BR-020/BR-030 até ENTR. DF-230,1.45
100EDF0030,ENTR. DF-230 até ENTR. VC-141,1.45
320EDF0010,ENTR. BR-479/DF-250 até ENTR. VC-403,1.4333333333333333
345EDF0050,ENTR. VC-111 até ENTR. BR- 010(B)/ BR-020/BR-030,1.4192660550458713
105EDF0010,ENTR. BR-020/030 até FIM DO TRECHO IMPLANTADO (km. 5.9),1.356880733944954
205EDF0190,ENTR. BR-010/DF-345 até ENTR. DF-405,1.35
230EDF0050,ENTR. DF-130 até ENTR. DF-345,1.3333333333333333
003EDF0210,ENTR. DF-025 (EPDB) até ENTR. DF-055 (EPVB),1.3
465EDF0010,ENTR. DF-001 (EPCT) até PRESÍDIO DA PAPUDA,1.295744680851064
007EDF0012,ENTR. DF-006 (EPCA) até ENTR. DF-009 (EPPN),1.25
007EDF0030,ENTR. DF-009 (EPPN) até ENTR. DF-002 (PONTE DO BRAGHETTO),1.25
345EDF0070,ENTR. BR-010(B)/ BR-020/BR-030 até ENTR. DF-230,1.25
095EDF0030,ENTR. DF-097 (EPAC) até ENTR. DF-087 (EPVL),1.2307692307692308
095EDF0050,ENTR. DF-087 (EPVL) até ENTR. BR- 070/251/ DF-001 (EPCT),1.2307692307692308
003EDF0030,ENTR. DF-007 (EPTT)/ GRANJA DO TORTO até ENTR. DF-009 (EPPN),1.21875
003EDF0010,ENTR. BR- 010/020/030/DF-001/DF- 150 (PARQUE ROD. DER-DF) até ENTR. DF-007(EPTT) (GRANJA DO TORTO),1.2
003EDF0050,ENTR. DF-009 (EPPN) até ACESSO A ASA NORTE,1.1875
007EDF0010,ENTR. DF-003 (EPIA)/ GRANJA DO TORTO até ENTR. DF-006 (EPCA),1.1833333333333333
495EDF0010,ENTR.BR-040/BR-050 até FERROVIA CENTRO ATLÂNTICO FCA,1.1823529411764706
097EDF0010,ENTR. DF-095 (EPCL) até DF-010 (EPAA),1.1764705882352942
075EDF0050,ENTR. DF-079 (EPVP) até ENTR. BR-251/ DF-001 (EPCT),1.1666666666666667
100EDF0110,ENTR. BR-479/DF-250 até ENTR. VC-169(A),1.1666666666666667
105EDF0090,ENTR. BR-479(A)/ DF-250(B) até ENTR. VC-155,1.1666666666666667
120EDF0010,ENTR. BR-479/DF-250 até ENTR. DF-455,1.1666666666666667
310EDF0010,ENTR. BR-479/DF-250 até ENTR. VC-151,1.1666666666666667
002EDF0010,ENTR. DF-007(EPTT) PONTE DO BRAGHETTO até DER-DF) RODOVIÁRIA DE BRASÍLIA,1.1526315789473685
003EDF0090,ENTR. DF-010 (EPAA) (ACESSO AO SAIN / SMU) até ENTR. EIXO MONUMENTAL,1.1470588235294117
345EDF0030,GO/DF ENTR. DF-205 até ENTR. VC-111 ENTR. BR-,1.1375
105EDF0030,ENTR. DF-230 até ENTR. VC-143,1.1333333333333333
105EDF0050,ENTR. VC-143 até ENTR. BR-479(B)/ DF-250(A),1.1333333333333333
230EDF0070,ENTR. DF-345 até ENTR. VC-137(A),1.1333333333333333
140EDF0010,ENTR. DF-001 (EPCT) até ENTR. BR-251,1.1319148936170214
190EDF0030,ENTR. VC-321 até ENTR. DF-280(A),1.1285714285714286
130EDF0010,ENTR. DF-230 até ACESSO AO VALE DO AMANHECER,1.1166666666666667
130EDF0030,ACESSO AO VALE DO AMANHECER até ENTR. BR-479/DF-250,1.1166666666666667
130EDF0050,ENTR. BR-479/DF-250 até ENTR. DF-455,1.1166666666666667
003EDF0070,ACESSO A ASA NORTE até ENTR. DF-010 (EPAA) (ACESSO AO SAIN / SMU),1.1029411764705883
345EDF0010,ENTR. BR- 010(A) / DIVISA GO/DF até ENTR. DF-205,1.1
130EDF0250,ENTR. BR-251(B) até ENTR. DF-295/ DIVISA DF/GO,1.0875
290EDF0010,ENTR. BR-060 até ENTR. VC-381,1.0875
095EDF0010,ENTR. DF-003 (EPIA) até ENTR. DF-097 (EPAC),1.0833333333333335
075EDF0030,ACESSO AO NÚCLEO BANDEIRANTE até ENTR. DF-079 (EPVP),1.0833333333333333
085EDF0050,ENTR. DF-079 (EPVP) até FIM DO TÚNEL DE TAGUATINGA,1.0833333333333333
290EDF0130,ENTR. VC-371 até ENTR. BR-040/BR-050,1.076470588235294
135EDF0010,ENTR. BR-251 até ENTR. VC-467,1.075
005EDF0012,ENTR. DF-006 (EPCA) até ENTR. DF-442,1.0666666666666667
005EDF0014,ENTR. DF-442 até ENTR. DF-015 (EPTM),1.0666666666666667
005EDF0030,ENTR. DF-015 (EPTM) até ENTR. DF-001 (EPCT) / BARRAGEM PARANOÁ,1.0666666666666667
410EDF0050,ENTR. VC-127 até ENTR. DF-230,1.0666666666666667
065EDF0010,ENTR. DF-003 (EPIA) até ENTR. BR-251/ DF-001 (EPCT)/DF- 480,1.0562500000000001
001EDF0116,ENTR. DF-027 (EPJK) até ENTR. DF-035 (EPCV),1.0518518518518518
001EDF0130,ENTR. DF-035 (EPCV) até ENTR. DF-463,1.0518518518518518
001EDF0510,ENTR. DF-430 até ENTR. DF-415,1.05
125EDF0120,ENTR. BR-251(B) até FIM DO TRECHO PAVIMENTADO (km. 21.3),1.05
295EDF0030,ENTR. DF-125 até ENTR. BR-251,1.05
047EDF0010,AEROPORTO INTERNACIONAL DE BRASÍLIA até ENTR. DF-025 (EPDB),1.0471698113207546
440EDF0010,ENTR. BR-010/BR-020/ BR-030 até ENTR. DF-442,1.044954128440367
003EDF0150,ENTR. DF-085 (EPTG) até ENTR. DF-081 (EPIB),1.0408163265306123
003EDF0230,ENTR. DF-055 (EPVB) até ENTR. DF-065 (EPIP),1.0375
001EDF0490,ENTR. DF-435 até ENTR. DF-430,1.0333333333333334
110EDF0070,ENTR. VC-121 até ENTR. DF-230(A),1.0333333333333334
110EDF0090,DF-250(A) ENTR. DF- 230(A) até DF-250(B) ENTR. DF- 230(B),1.0333333333333334
110EDF0110,ENTR. DF-230(B) até ENTR. BR-479/DF-250,1.0333333333333334
330EDF0030,ENTR. DF-444 até ENTR. BR-479/DF-250,1.0333333333333334
250EDF0010,ENTR. BR- 479(A)/ DF-001 (EPCT)/ DF-015 (EPTM) até ENTR. DF-456,1.0333333333333334
047EDF0050,ENTR. DF-051 (EPGU)/ DF-004 (EPNA) até ENTR. DF-002 (ERS) (TREVO DE TRIAGEM SUL),1.0266666666666666
010EDF0070,ENTR. DF-003 (EPIA) até INÍCIO DE TRECHO DUPLICADO (km. 6.8),1.015625
001EDF0590,ENTR. DF-170 até ENTR. BR-010/020/ 030/DF-003/DF-150 (PARQUE RODOVIÁRIO DO DER-DF),1.0036363636363637
003EDF0250,ENTR. DF-065 (EPIP) até ENTR. BR- 040/050/251/ DF-001 (EPCT),1.0
008EDF0030,ENTR. DF-005 (EPPR) até ENTR. DF-009 (EPPN),1.0
125EDF0100,CÓRREGO LAMARÃO até ENTR. BR-251(A),1.0
130EDF0230,ENTR. BR- 251(A) até ENTR. BR- 251(B),1.0
285EDF0010,ENTR. BR-251 até ENTR. VC-441,1.0
445EDF0030,ENTR. DF-435 até ENTR. DF-430(A),1.0
456EDF0010,ENTR. DF-001 (EPCT) até ENTR. BR-479/DF-250,1.0
410EDF0010,ENTR. BR-020/BR-030 até ENTR. VC-121,0.9981651376146788
011EDF0010,ENTR. DF-003 (EPIA)/DF-085 (EPTG) até ACESSO AO SETOR POLICIAL SUL,0.9948979591836735
004EDF0010,ENTR. DF-002 (ERN) PONTE DO BRAGHETTO até ENTR. VIA L2,0.9891304347826088
190EDF0010,ENTR. DF-180 até ENTR. VC-321,0.9875
047EDF0030,ENTR. DF-025 (EPDB) até ENTR. DF-051 (EPGU)/ DF-004 (EPNA),0.9866666666666667
003EDF0152,ENTR. DF-081 (EPIB) até ENTR. DF-051 (EPGU),0.9857142857142858
003EDF0190,ENTR. DF-075 (EPNB) até ENTR. DF-025 (EPDB),0.9782608695652173
027EDF0010,ENTR. DF-025 (EPDB)/ ACESSO À PONTE JK até ENTR. DF-001 (EPCT),0.9764150943396226
180EDF0250,ENTR. BR- 070(A) até ENTR. BR- 070(B),0.975
110EDF0050,ENTR. BR-020/BR-030 até ENTR. VC-121,0.9669724770642201
440EDF0110,ENTR. DF-330 até ACESSO A BR-010/ BR-020/BR-030 (SLU),0.9669724770642201
008EDF0010,ENTR. DF-001 (EPCT) até ENTR. DF-005 (EPPR),0.9531914893617022
001EDF0290,DF-480 ENTR. DF-475 até ENTR. VC-331 ACESSO AO,0.95
002EDF0030,RODOVIÁRIA DE BRASÍLIA até ENTR. DF-047 (TREVO DE TRIAGEM SUL),0.95
003EDF0130,ENTR. DF-095 (EPCL) até ENTR. DF-085 (EPTG),0.9489795918367347
075EDF0010,ENTR. DF-003 (EPIA) até ACESSO AO NÚCLEO BANDEIRANTE,0.9479166666666667
009EDF0030,ENTR DF-007 (EPTT) até ENTR. DF-005 (EPPR),0.9473684210526315
009EDF0050,ENTR. DF-005 (EPPR) até CLUBE DO CONGRESSO,0.9442622950819674
003EDF0170,ENTR. DF-051 (EPGU) até ENTR. DF-075 (EPNB),0.9391304347826086
110EDF0030,ENTR. VC-113 até ENTR. BR-020/BR-030,0.9357798165137614
085EDF0010,ENTR. DF-003 (EPIA) até ENTR. DF-087 (EPVL),0.9230769230769231
085EDF0030,ENTR. DF-087 (EPVL) até ENTR. DF-079 (EPVP),0.9230769230769231
001EDF0030,ENTR. VC-263 até ENTR.BR-479/ DF-015/DF-250,0.9166666666666666
001EDF0050,ENTR. BR-479/ DF-015/DF-250 até ENTR. DF-456,0.9166666666666666
128EDF0110,ENTR. DF-230 até ACESSO AO INSTITUTO FEDERAL DE BRASÍLIA,0.9166666666666666
001EDF0430,TAGUATINGA ENTR. BR-070/ DF-095(EPCL) até E N T R . D F -097 (EPAC),0.9125
430EDF0070,ENTR. VC-527 até DF-001 (EPCT),0.9085106382978724
051EDF0030,ENTR. DF-003 (EPIA) até ACESSO AO GUARÁ II,0.9072916666666667
035EDF0010,ENTR. DF-025 (EPDB) até ENTR. DF-001 (EPCT),0.9056603773584905
405EDF0010,ENTR. BR-020/BR-030 até ENTR. VC-111,0.9045871559633026
025EDF0070,ACESSO À PONTE HONESTINO GUIMARÃES até ENTR. DF-035 (EPCV),0.9037037037037037
025EDF0090,ENTR. DF-035 (EPCV) até ENTR. DF-027 (EPJK),0.9037037037037037
205EDF0150,ENTR. DF-131 até ENTR. DF-128,0.9037037037037037
480EDF0030,ENTR. VC-361 até ENTR. BR-251/DF- 001(EPCT)/DF- 065(EPIP),0.9
006EDF0010,ENTR. DF-007 (EPTT) até ENTR. DF-005 (EPPR),0.8999999999999999
009EDF0010,ENTR. DF-003 (EPIA) até ENTR DF-007 (EPTT),0.8999999999999999
015EDF0010,ENTR. DF-005 (EPPR) até ENTR. BR-479/ DF-001 (EPCT)/DF- 250,0.8936170212765958
150EDF0010,ENTR. BR-010/ 020/030/DF-001/003 (PARQUE RODOVIÁRIO DO DER-DF) até ACESSO A SOBRADINHO II,0.8787234042553193
205EDF0070,ENTR. DF-150 até ENTR. DF-326,0.8727272727272727
079EDF0010,ENTR. DF-085 (EPTG) até ENTR. DF-081 (EPIB),0.8724489795918368
140EDF0030,ENTR. BR-251 até ENTR. VC-467,0.8625
001EDF0350,ENTR. BR-060 / ACESSO I A SAMAMBAIA até SAMAMBAIA A C E S S O I I A SAMAMBAIA / 3º DR,0.85
442EDF0010,ENTR. DF-440 até ENTR. DF-001 (EPCT),0.848936170212766
001EDF0370,ACESSO II A SAMAMBAIA / 3º DR até ENTR. DF-075 (EPNB),0.8478260869565217
004EDF0170,ACESSO À PONTE PRESIDENTE MEDICI até ENTR. DF-047(EPAR)/ DF-051(EPGU),0.8375
051EDF0010,ENTR. DF-047 (EPAR) até ENTR. DF-003 (EPIA),0.8375
353EDF0010,ENTR BR-479/DF-250 até ENTR. VC-129,0.8333333333333334
353EDF0090,ENTR. VC-127 até ENTR. DF-230,0.8333333333333334
280EDF0010,DIVISA GO/DF até ENTR. DF-190(A),0.825
280EDF0012,ENTR. DF- 190(A) até ENTR. DF- 190(B),0.825
280EDF0030,ENTR. DF-190(B) até ENTR. BR-060,0.825
442EDF0030,ENTR. DF-001 (EPCT) até ENTR. DF-005 (EPPR),0.8191489361702128
230EDF0010,ENTR. BR-010/BR-020/ BR-030 até ENTR. DF-128,0.8148148148148148
230EDF0030,ENTR. DF-128 até ENTR. DF-130,0.8148148148148148
001EDF0052,ENTR. DF-456 até ENTR. DF-005 (EPPR),0.8114754098360657
475EDF0050,ENTR. VC-341 até ENTR. BR-251/DF-001,0.8042553191489362
128EDF0030,ENTR. DF-205 até ENTR. DF-131,0.8
130EDF0210,ENTR. DF-270 até ENTR. BR-251(A),0.8
001EDF0390,ENTR. DF-075 (EPNB) até ENTR. DF-085 (EPTG)/ TAGUATINGA,0.7959183673469389
001EDF0250,DO PARANOÁ ENTR. BR- 040/050/ DF-003 (EPIA) até ENTR. DF-065 ( E P I P ) / DF-480,0.7875
180EDF0410,ENTR. VC-351 até ENTR. DF-290,0.7866666666666666
445EDF0070,ENTR. DF-430(B) até ENTR. VC-527,0.7833333333333333
001EDF0070,ENTR. DF-005 (EPPR) até ENTR. DF-025(A) /BARRAGEM DO PARANOÁ,0.7783018867924528
001EDF0090,ENTR. DF- 025(A) /BARRAGEM DO PARANOÁ até ENTR. DF- 025(B) (EPDB),0.7783018867924528
128EDF0010,DIVISA GO/DF até ENTR. DF-205,0.775
025EDF0100,ENTR. DF-027 (EPJK) até ENTR. DF-001(A) (EPCT),0.7625
180EDF0290,ENTR. DF-190 até ENTR. VC-311,0.7625
180EDF0330,ACESSO A SAMAMBAIA até ENTR. BR-060,0.7625
290EDF0030,ENTR. VC-381 até ENTR. DF-180,0.7625
290EDF0050,ENTR. DF-180 até ENTR. VC-379 / ACESSO AO GAMA,0.7625
001EDF0010,ENTR. BR-010/020/ 030/DF-003/150 (PARQUE ROD. DER- DF) até ENTR. DF-442,0.7583333333333334
055EDF0010,ENTR. DF-003 (EPIA) até VARGEM BONITA (km. 7.2),0.7583333333333334
131EDF0050,ENTR. DF-335 até ENTR. DF-128,0.7555555555555555
003EDF0110,ENTR. EIXO MONUMENTAL até ENTR. DF-095 (EPCL),0.75
081EDF0010,ENTR. DF-003 (EPIA) até ENTR. DF-079 (EPVP),0.75
110EDF0010,ENTR. DF-205 até ENTR. VC-113,0.75
128EDF0090,ACESSO A PLANALTINA/ 1º DISTRITO RODOVIÁRIO até ENTR. DF-230,0.75
150EDF0050,ACESSO A SOBRADINHO II até ENTR. DF-205,0.75
445EDF0010,ENTR. BR-080/BR-251 até ENTR. DF-435,0.75
079EDF0030,ENTR. DF-081 (EPIB) até ENTR. DF-075 (EPNB),0.7434782608695651
131EDF0010,DIVISA GO/DF até ENTR. DF-205,0.7375
326EDF0010,ENTR. DF-205 até ENTR. DF-335,0.7375
008EDF0050,ENTR. DF-009 (EPPN) até ENTR. DF-004 (EPNA),0.734375
180EDF0350,ENTR. BR-060 até ENTR. VC-337(A),0.725
405EDF0050,ENTR. VC-113 até ENTR. DF-205,0.725
001EDF0270,ENTR. DF-065 (EPIP)/ DF-480 até E N T R . DF-475,0.7125
435EDF0010,ENTR. BR-080/BR-251 até ENTR. VC-547,0.7125
205EDF0170,ENTR. DF-128 até ENTR. BR-010/DF-345,0.7
010EDF0050,ACESSO AO SMU até ENTR. DF-003 (EPIA),0.690625
001EDF0110,ENTR. DF-025(B) (EPDB) até ENTR. DF-027 (EPJK),0.6875
025EDF0010,ENTR. DF-003 (EPIA) até ENTR. DF-047 (EPAR),0.675
025EDF0030,ENTR. DF-047 (EPAR) até ACESSO À PONTE PRESIDENTE MEDICI,0.675
463EDF0010,ENTR. DF-001 (EPCT) até SÃO SEBASTIÃO,0.6702127659574468
180EDF0270,ENTR. BR-070(B) até ENTR. DF-190,0.6625
087EDF0010,ENTR. DF-095 (EPCL) até ENTR. DF-085 (EPTG),0.6581632653061225
001EDF0410,ENTR. DF-085 (EPTG)/ TAGUATINGA até ENTR. BR-070/ DF-095 (EPCL),0.65
131EDF0030,ENTR. DF-205 até ENTR. DF-335,0.65
180EDF0190,ENTR. BR-080(B)/ BR-251(B) /DF-445 até ENTR. VC-555,0.6375
180EDF0230,ENTR. VC-561 até ENTR. BR-070(A),0.6375
451EDF0010,ENTR. BR-070 até FIM DO TRECHO DUPLICADO,0.625
451EDF0030,ENTR. VC-561 até ENTR. BR-080/BR-251,0.625
001EDF0330,ACESSO AO RECANTO DAS EMAS até ENTR. BR-060 / ACESSO I A SAMAMBAIA,0.5875
459EDF0010,ACESSO A CEILÂNDIA (VIA DE LIGAÇÃO CENTRO NORTE) até ACESSO A SAMAMBAIA (2ª AVENIDA NORTE),0.5857142857142857
473EDF0010,SÃO SEBASTIÃO até ENTR. BR-251,0.5625
005EDF0010,ENTR. DF-009 (EPPN) até ENTR. DF-006 (EPCA),0.4375
001EDF0150,ENTR. DF-463 até ENTR. DF-465,0.4142857142857143
097EDF0030,DF-010 (EPAA) até ENTR. BR-251/ DF-001 (EPCT),0.35294117647058826
